--------------------------------------------------------
--  File created - Friday-December-14-2018   
--------------------------------------------------------
--------------------------------------------------------
--  DDL for Table CATEGORY
--------------------------------------------------------

  CREATE TABLE "TESTUSER1"."CATEGORY" 
   (	"ID" NUMBER, 
	"CATEGORY_NAME" VARCHAR2(100 BYTE)
   ) PCTFREE 10 PCTUSED 40 INITRANS 1 MAXTRANS 255 NOCOMPRESS LOGGING
  STORAGE(INITIAL 65536 NEXT 1048576 MINEXTENTS 1 MAXEXTENTS 2147483645
  PCTINCREASE 0 FREELISTS 1 FREELIST GROUPS 1 BUFFER_POOL DEFAULT)
  TABLESPACE "USERS" ;
--------------------------------------------------------
--  DDL for Table MASTER
--------------------------------------------------------

  CREATE TABLE "TESTUSER1"."MASTER" 
   (	"ID" NUMBER, 
	"SUPPLIER_ID" NUMBER, 
	"PRODUCT_ID" NUMBER, 
	"STATUS" NUMBER DEFAULT 1
   ) PCTFREE 10 PCTUSED 40 INITRANS 1 MAXTRANS 255 NOCOMPRESS LOGGING
  STORAGE(INITIAL 65536 NEXT 1048576 MINEXTENTS 1 MAXEXTENTS 2147483645
  PCTINCREASE 0 FREELISTS 1 FREELIST GROUPS 1 BUFFER_POOL DEFAULT)
  TABLESPACE "USERS" ;
--------------------------------------------------------
--  DDL for Table PRODUCT
--------------------------------------------------------

  CREATE TABLE "TESTUSER1"."PRODUCT" 
   (	"PRODUCT_ID" NUMBER, 
	"PRODUCT_TITLE" VARCHAR2(100 BYTE), 
	"PRODUCT_CATEGORY" VARCHAR2(100 BYTE), 
	"PRICE" NUMBER, 
	"ICON_PATH" VARCHAR2(200 BYTE)
   ) PCTFREE 10 PCTUSED 40 INITRANS 1 MAXTRANS 255 NOCOMPRESS LOGGING
  STORAGE(INITIAL 65536 NEXT 1048576 MINEXTENTS 1 MAXEXTENTS 2147483645
  PCTINCREASE 0 FREELISTS 1 FREELIST GROUPS 1 BUFFER_POOL DEFAULT)
  TABLESPACE "USERS" ;
--------------------------------------------------------
--  DDL for Table SUPPLIER
--------------------------------------------------------

  CREATE TABLE "TESTUSER1"."SUPPLIER" 
   (	"SUPPLIER_ID" NUMBER, 
	"SUPPLIER_NAME" VARCHAR2(100 BYTE), 
	"ADDRESS_ID" NUMBER, 
	"ABOUT" VARCHAR2(300 BYTE), 
	"ICON_PATH" VARCHAR2(300 BYTE)
   ) PCTFREE 10 PCTUSED 40 INITRANS 1 MAXTRANS 255 NOCOMPRESS LOGGING
  STORAGE(INITIAL 65536 NEXT 1048576 MINEXTENTS 1 MAXEXTENTS 2147483645
  PCTINCREASE 0 FREELISTS 1 FREELIST GROUPS 1 BUFFER_POOL DEFAULT)
  TABLESPACE "USERS" ;
--------------------------------------------------------
--  DDL for Table SUPPLIER_ADDRESS
--------------------------------------------------------

  CREATE TABLE "TESTUSER1"."SUPPLIER_ADDRESS" 
   (	"ID" NUMBER, 
	"COUNTRY" VARCHAR2(100 BYTE), 
	"CITY" VARCHAR2(100 BYTE), 
	"ADDRESS_LINE1" VARCHAR2(100 BYTE), 
	"ADRESS_LINE2" VARCHAR2(100 BYTE)
   ) PCTFREE 10 PCTUSED 40 INITRANS 1 MAXTRANS 255 NOCOMPRESS LOGGING
  STORAGE(INITIAL 65536 NEXT 1048576 MINEXTENTS 1 MAXEXTENTS 2147483645
  PCTINCREASE 0 FREELISTS 1 FREELIST GROUPS 1 BUFFER_POOL DEFAULT)
  TABLESPACE "USERS" ;
REM INSERTING into TESTUSER1.CATEGORY
SET DEFINE OFF;
REM INSERTING into TESTUSER1.MASTER
SET DEFINE OFF;
Insert into TESTUSER1.MASTER (ID,SUPPLIER_ID,PRODUCT_ID,STATUS) values (772,88,104,1);
Insert into TESTUSER1.MASTER (ID,SUPPLIER_ID,PRODUCT_ID,STATUS) values (773,32,66,1);
Insert into TESTUSER1.MASTER (ID,SUPPLIER_ID,PRODUCT_ID,STATUS) values (774,32,536,1);
Insert into TESTUSER1.MASTER (ID,SUPPLIER_ID,PRODUCT_ID,STATUS) values (775,87,161,1);
Insert into TESTUSER1.MASTER (ID,SUPPLIER_ID,PRODUCT_ID,STATUS) values (776,107,75,1);
Insert into TESTUSER1.MASTER (ID,SUPPLIER_ID,PRODUCT_ID,STATUS) values (777,90,70,1);
Insert into TESTUSER1.MASTER (ID,SUPPLIER_ID,PRODUCT_ID,STATUS) values (778,90,483,1);
Insert into TESTUSER1.MASTER (ID,SUPPLIER_ID,PRODUCT_ID,STATUS) values (779,11,466,1);
Insert into TESTUSER1.MASTER (ID,SUPPLIER_ID,PRODUCT_ID,STATUS) values (780,11,341,1);
Insert into TESTUSER1.MASTER (ID,SUPPLIER_ID,PRODUCT_ID,STATUS) values (781,11,356,1);
Insert into TESTUSER1.MASTER (ID,SUPPLIER_ID,PRODUCT_ID,STATUS) values (782,87,17,1);
Insert into TESTUSER1.MASTER (ID,SUPPLIER_ID,PRODUCT_ID,STATUS) values (783,87,37,1);
Insert into TESTUSER1.MASTER (ID,SUPPLIER_ID,PRODUCT_ID,STATUS) values (784,104,394,1);
Insert into TESTUSER1.MASTER (ID,SUPPLIER_ID,PRODUCT_ID,STATUS) values (785,93,301,1);
Insert into TESTUSER1.MASTER (ID,SUPPLIER_ID,PRODUCT_ID,STATUS) values (786,93,461,1);
Insert into TESTUSER1.MASTER (ID,SUPPLIER_ID,PRODUCT_ID,STATUS) values (787,83,302,1);
Insert into TESTUSER1.MASTER (ID,SUPPLIER_ID,PRODUCT_ID,STATUS) values (788,90,341,1);
Insert into TESTUSER1.MASTER (ID,SUPPLIER_ID,PRODUCT_ID,STATUS) values (789,108,451,1);
Insert into TESTUSER1.MASTER (ID,SUPPLIER_ID,PRODUCT_ID,STATUS) values (790,108,99,1);
Insert into TESTUSER1.MASTER (ID,SUPPLIER_ID,PRODUCT_ID,STATUS) values (791,88,5,1);
Insert into TESTUSER1.MASTER (ID,SUPPLIER_ID,PRODUCT_ID,STATUS) values (792,78,534,1);
Insert into TESTUSER1.MASTER (ID,SUPPLIER_ID,PRODUCT_ID,STATUS) values (793,32,229,1);
Insert into TESTUSER1.MASTER (ID,SUPPLIER_ID,PRODUCT_ID,STATUS) values (794,93,39,1);
Insert into TESTUSER1.MASTER (ID,SUPPLIER_ID,PRODUCT_ID,STATUS) values (795,93,21,1);
Insert into TESTUSER1.MASTER (ID,SUPPLIER_ID,PRODUCT_ID,STATUS) values (796,90,23,1);
Insert into TESTUSER1.MASTER (ID,SUPPLIER_ID,PRODUCT_ID,STATUS) values (797,90,102,1);
Insert into TESTUSER1.MASTER (ID,SUPPLIER_ID,PRODUCT_ID,STATUS) values (798,90,476,1);
Insert into TESTUSER1.MASTER (ID,SUPPLIER_ID,PRODUCT_ID,STATUS) values (799,90,96,1);
Insert into TESTUSER1.MASTER (ID,SUPPLIER_ID,PRODUCT_ID,STATUS) values (800,90,488,1);
Insert into TESTUSER1.MASTER (ID,SUPPLIER_ID,PRODUCT_ID,STATUS) values (801,90,495,1);
Insert into TESTUSER1.MASTER (ID,SUPPLIER_ID,PRODUCT_ID,STATUS) values (802,107,39,1);
Insert into TESTUSER1.MASTER (ID,SUPPLIER_ID,PRODUCT_ID,STATUS) values (803,107,363,1);
Insert into TESTUSER1.MASTER (ID,SUPPLIER_ID,PRODUCT_ID,STATUS) values (804,78,121,1);
Insert into TESTUSER1.MASTER (ID,SUPPLIER_ID,PRODUCT_ID,STATUS) values (805,78,127,1);
Insert into TESTUSER1.MASTER (ID,SUPPLIER_ID,PRODUCT_ID,STATUS) values (806,12,92,1);
Insert into TESTUSER1.MASTER (ID,SUPPLIER_ID,PRODUCT_ID,STATUS) values (807,12,148,1);
Insert into TESTUSER1.MASTER (ID,SUPPLIER_ID,PRODUCT_ID,STATUS) values (808,48,355,1);
Insert into TESTUSER1.MASTER (ID,SUPPLIER_ID,PRODUCT_ID,STATUS) values (809,48,412,1);
Insert into TESTUSER1.MASTER (ID,SUPPLIER_ID,PRODUCT_ID,STATUS) values (810,4,203,1);
Insert into TESTUSER1.MASTER (ID,SUPPLIER_ID,PRODUCT_ID,STATUS) values (811,21,432,1);
Insert into TESTUSER1.MASTER (ID,SUPPLIER_ID,PRODUCT_ID,STATUS) values (812,48,170,1);
Insert into TESTUSER1.MASTER (ID,SUPPLIER_ID,PRODUCT_ID,STATUS) values (813,9,306,1);
Insert into TESTUSER1.MASTER (ID,SUPPLIER_ID,PRODUCT_ID,STATUS) values (814,48,345,1);
Insert into TESTUSER1.MASTER (ID,SUPPLIER_ID,PRODUCT_ID,STATUS) values (815,13,27,1);
Insert into TESTUSER1.MASTER (ID,SUPPLIER_ID,PRODUCT_ID,STATUS) values (816,13,388,1);
Insert into TESTUSER1.MASTER (ID,SUPPLIER_ID,PRODUCT_ID,STATUS) values (817,48,450,1);
Insert into TESTUSER1.MASTER (ID,SUPPLIER_ID,PRODUCT_ID,STATUS) values (818,82,506,1);
Insert into TESTUSER1.MASTER (ID,SUPPLIER_ID,PRODUCT_ID,STATUS) values (819,112,328,1);
Insert into TESTUSER1.MASTER (ID,SUPPLIER_ID,PRODUCT_ID,STATUS) values (820,112,4,1);
Insert into TESTUSER1.MASTER (ID,SUPPLIER_ID,PRODUCT_ID,STATUS) values (821,112,284,1);
Insert into TESTUSER1.MASTER (ID,SUPPLIER_ID,PRODUCT_ID,STATUS) values (822,112,391,1);
Insert into TESTUSER1.MASTER (ID,SUPPLIER_ID,PRODUCT_ID,STATUS) values (823,112,254,1);
Insert into TESTUSER1.MASTER (ID,SUPPLIER_ID,PRODUCT_ID,STATUS) values (824,112,367,1);
Insert into TESTUSER1.MASTER (ID,SUPPLIER_ID,PRODUCT_ID,STATUS) values (825,76,29,1);
Insert into TESTUSER1.MASTER (ID,SUPPLIER_ID,PRODUCT_ID,STATUS) values (826,112,324,1);
Insert into TESTUSER1.MASTER (ID,SUPPLIER_ID,PRODUCT_ID,STATUS) values (827,82,520,1);
Insert into TESTUSER1.MASTER (ID,SUPPLIER_ID,PRODUCT_ID,STATUS) values (828,9,482,1);
Insert into TESTUSER1.MASTER (ID,SUPPLIER_ID,PRODUCT_ID,STATUS) values (829,102,568,1);
Insert into TESTUSER1.MASTER (ID,SUPPLIER_ID,PRODUCT_ID,STATUS) values (830,112,251,1);
Insert into TESTUSER1.MASTER (ID,SUPPLIER_ID,PRODUCT_ID,STATUS) values (831,7,236,1);
Insert into TESTUSER1.MASTER (ID,SUPPLIER_ID,PRODUCT_ID,STATUS) values (832,112,448,1);
Insert into TESTUSER1.MASTER (ID,SUPPLIER_ID,PRODUCT_ID,STATUS) values (833,112,388,1);
Insert into TESTUSER1.MASTER (ID,SUPPLIER_ID,PRODUCT_ID,STATUS) values (834,112,536,1);
Insert into TESTUSER1.MASTER (ID,SUPPLIER_ID,PRODUCT_ID,STATUS) values (835,112,222,1);
Insert into TESTUSER1.MASTER (ID,SUPPLIER_ID,PRODUCT_ID,STATUS) values (836,112,10,1);
Insert into TESTUSER1.MASTER (ID,SUPPLIER_ID,PRODUCT_ID,STATUS) values (837,41,149,1);
Insert into TESTUSER1.MASTER (ID,SUPPLIER_ID,PRODUCT_ID,STATUS) values (838,113,371,1);
Insert into TESTUSER1.MASTER (ID,SUPPLIER_ID,PRODUCT_ID,STATUS) values (839,41,59,1);
Insert into TESTUSER1.MASTER (ID,SUPPLIER_ID,PRODUCT_ID,STATUS) values (840,112,59,1);
Insert into TESTUSER1.MASTER (ID,SUPPLIER_ID,PRODUCT_ID,STATUS) values (841,112,450,1);
Insert into TESTUSER1.MASTER (ID,SUPPLIER_ID,PRODUCT_ID,STATUS) values (842,113,200,1);
Insert into TESTUSER1.MASTER (ID,SUPPLIER_ID,PRODUCT_ID,STATUS) values (843,82,40,1);
Insert into TESTUSER1.MASTER (ID,SUPPLIER_ID,PRODUCT_ID,STATUS) values (844,112,330,1);
Insert into TESTUSER1.MASTER (ID,SUPPLIER_ID,PRODUCT_ID,STATUS) values (845,82,485,1);
Insert into TESTUSER1.MASTER (ID,SUPPLIER_ID,PRODUCT_ID,STATUS) values (846,112,415,1);
Insert into TESTUSER1.MASTER (ID,SUPPLIER_ID,PRODUCT_ID,STATUS) values (847,112,294,1);
Insert into TESTUSER1.MASTER (ID,SUPPLIER_ID,PRODUCT_ID,STATUS) values (848,112,372,1);
Insert into TESTUSER1.MASTER (ID,SUPPLIER_ID,PRODUCT_ID,STATUS) values (849,112,260,1);
Insert into TESTUSER1.MASTER (ID,SUPPLIER_ID,PRODUCT_ID,STATUS) values (850,112,579,1);
Insert into TESTUSER1.MASTER (ID,SUPPLIER_ID,PRODUCT_ID,STATUS) values (851,9,91,1);
Insert into TESTUSER1.MASTER (ID,SUPPLIER_ID,PRODUCT_ID,STATUS) values (852,110,124,1);
Insert into TESTUSER1.MASTER (ID,SUPPLIER_ID,PRODUCT_ID,STATUS) values (853,110,546,1);
Insert into TESTUSER1.MASTER (ID,SUPPLIER_ID,PRODUCT_ID,STATUS) values (854,110,179,1);
Insert into TESTUSER1.MASTER (ID,SUPPLIER_ID,PRODUCT_ID,STATUS) values (855,109,95,1);
Insert into TESTUSER1.MASTER (ID,SUPPLIER_ID,PRODUCT_ID,STATUS) values (856,4,511,1);
Insert into TESTUSER1.MASTER (ID,SUPPLIER_ID,PRODUCT_ID,STATUS) values (857,4,503,1);
Insert into TESTUSER1.MASTER (ID,SUPPLIER_ID,PRODUCT_ID,STATUS) values (858,9,588,1);
Insert into TESTUSER1.MASTER (ID,SUPPLIER_ID,PRODUCT_ID,STATUS) values (859,7,447,1);
Insert into TESTUSER1.MASTER (ID,SUPPLIER_ID,PRODUCT_ID,STATUS) values (860,112,250,1);
Insert into TESTUSER1.MASTER (ID,SUPPLIER_ID,PRODUCT_ID,STATUS) values (861,9,335,1);
Insert into TESTUSER1.MASTER (ID,SUPPLIER_ID,PRODUCT_ID,STATUS) values (862,4,32,1);
Insert into TESTUSER1.MASTER (ID,SUPPLIER_ID,PRODUCT_ID,STATUS) values (863,73,365,1);
Insert into TESTUSER1.MASTER (ID,SUPPLIER_ID,PRODUCT_ID,STATUS) values (864,112,562,1);
Insert into TESTUSER1.MASTER (ID,SUPPLIER_ID,PRODUCT_ID,STATUS) values (865,85,256,1);
Insert into TESTUSER1.MASTER (ID,SUPPLIER_ID,PRODUCT_ID,STATUS) values (866,13,521,1);
Insert into TESTUSER1.MASTER (ID,SUPPLIER_ID,PRODUCT_ID,STATUS) values (867,13,83,1);
Insert into TESTUSER1.MASTER (ID,SUPPLIER_ID,PRODUCT_ID,STATUS) values (868,85,575,1);
Insert into TESTUSER1.MASTER (ID,SUPPLIER_ID,PRODUCT_ID,STATUS) values (869,85,114,1);
Insert into TESTUSER1.MASTER (ID,SUPPLIER_ID,PRODUCT_ID,STATUS) values (870,85,117,1);
Insert into TESTUSER1.MASTER (ID,SUPPLIER_ID,PRODUCT_ID,STATUS) values (871,13,287,1);
Insert into TESTUSER1.MASTER (ID,SUPPLIER_ID,PRODUCT_ID,STATUS) values (872,13,211,1);
Insert into TESTUSER1.MASTER (ID,SUPPLIER_ID,PRODUCT_ID,STATUS) values (873,13,555,1);
Insert into TESTUSER1.MASTER (ID,SUPPLIER_ID,PRODUCT_ID,STATUS) values (874,4,204,1);
Insert into TESTUSER1.MASTER (ID,SUPPLIER_ID,PRODUCT_ID,STATUS) values (875,7,282,1);
Insert into TESTUSER1.MASTER (ID,SUPPLIER_ID,PRODUCT_ID,STATUS) values (876,110,424,1);
Insert into TESTUSER1.MASTER (ID,SUPPLIER_ID,PRODUCT_ID,STATUS) values (877,109,478,1);
Insert into TESTUSER1.MASTER (ID,SUPPLIER_ID,PRODUCT_ID,STATUS) values (878,82,36,1);
Insert into TESTUSER1.MASTER (ID,SUPPLIER_ID,PRODUCT_ID,STATUS) values (879,41,26,1);
Insert into TESTUSER1.MASTER (ID,SUPPLIER_ID,PRODUCT_ID,STATUS) values (880,41,42,1);
Insert into TESTUSER1.MASTER (ID,SUPPLIER_ID,PRODUCT_ID,STATUS) values (881,106,315,1);
Insert into TESTUSER1.MASTER (ID,SUPPLIER_ID,PRODUCT_ID,STATUS) values (882,73,167,1);
Insert into TESTUSER1.MASTER (ID,SUPPLIER_ID,PRODUCT_ID,STATUS) values (883,73,262,1);
Insert into TESTUSER1.MASTER (ID,SUPPLIER_ID,PRODUCT_ID,STATUS) values (884,13,16,1);
Insert into TESTUSER1.MASTER (ID,SUPPLIER_ID,PRODUCT_ID,STATUS) values (885,9,572,1);
Insert into TESTUSER1.MASTER (ID,SUPPLIER_ID,PRODUCT_ID,STATUS) values (886,110,38,1);
Insert into TESTUSER1.MASTER (ID,SUPPLIER_ID,PRODUCT_ID,STATUS) values (887,4,391,1);
Insert into TESTUSER1.MASTER (ID,SUPPLIER_ID,PRODUCT_ID,STATUS) values (888,4,89,1);
Insert into TESTUSER1.MASTER (ID,SUPPLIER_ID,PRODUCT_ID,STATUS) values (889,112,289,1);
Insert into TESTUSER1.MASTER (ID,SUPPLIER_ID,PRODUCT_ID,STATUS) values (890,85,64,1);
Insert into TESTUSER1.MASTER (ID,SUPPLIER_ID,PRODUCT_ID,STATUS) values (891,41,544,1);
Insert into TESTUSER1.MASTER (ID,SUPPLIER_ID,PRODUCT_ID,STATUS) values (892,12,146,1);
Insert into TESTUSER1.MASTER (ID,SUPPLIER_ID,PRODUCT_ID,STATUS) values (893,13,353,1);
Insert into TESTUSER1.MASTER (ID,SUPPLIER_ID,PRODUCT_ID,STATUS) values (894,13,149,1);
Insert into TESTUSER1.MASTER (ID,SUPPLIER_ID,PRODUCT_ID,STATUS) values (895,13,143,1);
Insert into TESTUSER1.MASTER (ID,SUPPLIER_ID,PRODUCT_ID,STATUS) values (1,94,171,1);
Insert into TESTUSER1.MASTER (ID,SUPPLIER_ID,PRODUCT_ID,STATUS) values (2,14,10,1);
Insert into TESTUSER1.MASTER (ID,SUPPLIER_ID,PRODUCT_ID,STATUS) values (3,14,135,1);
Insert into TESTUSER1.MASTER (ID,SUPPLIER_ID,PRODUCT_ID,STATUS) values (4,28,276,1);
Insert into TESTUSER1.MASTER (ID,SUPPLIER_ID,PRODUCT_ID,STATUS) values (5,28,234,1);
Insert into TESTUSER1.MASTER (ID,SUPPLIER_ID,PRODUCT_ID,STATUS) values (6,25,43,1);
Insert into TESTUSER1.MASTER (ID,SUPPLIER_ID,PRODUCT_ID,STATUS) values (7,25,436,1);
Insert into TESTUSER1.MASTER (ID,SUPPLIER_ID,PRODUCT_ID,STATUS) values (8,93,433,1);
Insert into TESTUSER1.MASTER (ID,SUPPLIER_ID,PRODUCT_ID,STATUS) values (9,44,569,1);
Insert into TESTUSER1.MASTER (ID,SUPPLIER_ID,PRODUCT_ID,STATUS) values (10,95,570,1);
Insert into TESTUSER1.MASTER (ID,SUPPLIER_ID,PRODUCT_ID,STATUS) values (11,95,38,1);
Insert into TESTUSER1.MASTER (ID,SUPPLIER_ID,PRODUCT_ID,STATUS) values (12,27,276,1);
Insert into TESTUSER1.MASTER (ID,SUPPLIER_ID,PRODUCT_ID,STATUS) values (13,27,165,1);
Insert into TESTUSER1.MASTER (ID,SUPPLIER_ID,PRODUCT_ID,STATUS) values (14,37,518,1);
Insert into TESTUSER1.MASTER (ID,SUPPLIER_ID,PRODUCT_ID,STATUS) values (15,95,508,1);
Insert into TESTUSER1.MASTER (ID,SUPPLIER_ID,PRODUCT_ID,STATUS) values (16,5,9,1);
Insert into TESTUSER1.MASTER (ID,SUPPLIER_ID,PRODUCT_ID,STATUS) values (17,115,281,1);
Insert into TESTUSER1.MASTER (ID,SUPPLIER_ID,PRODUCT_ID,STATUS) values (18,115,335,1);
Insert into TESTUSER1.MASTER (ID,SUPPLIER_ID,PRODUCT_ID,STATUS) values (19,28,71,1);
Insert into TESTUSER1.MASTER (ID,SUPPLIER_ID,PRODUCT_ID,STATUS) values (20,28,407,1);
Insert into TESTUSER1.MASTER (ID,SUPPLIER_ID,PRODUCT_ID,STATUS) values (21,26,243,1);
Insert into TESTUSER1.MASTER (ID,SUPPLIER_ID,PRODUCT_ID,STATUS) values (22,26,352,1);
Insert into TESTUSER1.MASTER (ID,SUPPLIER_ID,PRODUCT_ID,STATUS) values (23,43,378,1);
Insert into TESTUSER1.MASTER (ID,SUPPLIER_ID,PRODUCT_ID,STATUS) values (24,10,441,1);
Insert into TESTUSER1.MASTER (ID,SUPPLIER_ID,PRODUCT_ID,STATUS) values (25,26,131,1);
Insert into TESTUSER1.MASTER (ID,SUPPLIER_ID,PRODUCT_ID,STATUS) values (26,28,494,1);
Insert into TESTUSER1.MASTER (ID,SUPPLIER_ID,PRODUCT_ID,STATUS) values (27,58,139,1);
Insert into TESTUSER1.MASTER (ID,SUPPLIER_ID,PRODUCT_ID,STATUS) values (28,43,316,1);
Insert into TESTUSER1.MASTER (ID,SUPPLIER_ID,PRODUCT_ID,STATUS) values (29,43,516,1);
Insert into TESTUSER1.MASTER (ID,SUPPLIER_ID,PRODUCT_ID,STATUS) values (30,3,448,0);
Insert into TESTUSER1.MASTER (ID,SUPPLIER_ID,PRODUCT_ID,STATUS) values (31,67,233,1);
Insert into TESTUSER1.MASTER (ID,SUPPLIER_ID,PRODUCT_ID,STATUS) values (32,79,102,1);
Insert into TESTUSER1.MASTER (ID,SUPPLIER_ID,PRODUCT_ID,STATUS) values (33,50,74,1);
Insert into TESTUSER1.MASTER (ID,SUPPLIER_ID,PRODUCT_ID,STATUS) values (34,50,289,1);
Insert into TESTUSER1.MASTER (ID,SUPPLIER_ID,PRODUCT_ID,STATUS) values (35,50,312,1);
Insert into TESTUSER1.MASTER (ID,SUPPLIER_ID,PRODUCT_ID,STATUS) values (36,47,265,1);
Insert into TESTUSER1.MASTER (ID,SUPPLIER_ID,PRODUCT_ID,STATUS) values (37,19,591,1);
Insert into TESTUSER1.MASTER (ID,SUPPLIER_ID,PRODUCT_ID,STATUS) values (38,96,143,1);
Insert into TESTUSER1.MASTER (ID,SUPPLIER_ID,PRODUCT_ID,STATUS) values (39,1,60,1);
Insert into TESTUSER1.MASTER (ID,SUPPLIER_ID,PRODUCT_ID,STATUS) values (40,74,298,1);
Insert into TESTUSER1.MASTER (ID,SUPPLIER_ID,PRODUCT_ID,STATUS) values (41,10,70,1);
Insert into TESTUSER1.MASTER (ID,SUPPLIER_ID,PRODUCT_ID,STATUS) values (42,10,532,1);
Insert into TESTUSER1.MASTER (ID,SUPPLIER_ID,PRODUCT_ID,STATUS) values (43,10,135,1);
Insert into TESTUSER1.MASTER (ID,SUPPLIER_ID,PRODUCT_ID,STATUS) values (44,38,355,1);
Insert into TESTUSER1.MASTER (ID,SUPPLIER_ID,PRODUCT_ID,STATUS) values (45,42,509,1);
Insert into TESTUSER1.MASTER (ID,SUPPLIER_ID,PRODUCT_ID,STATUS) values (46,18,33,1);
Insert into TESTUSER1.MASTER (ID,SUPPLIER_ID,PRODUCT_ID,STATUS) values (47,54,177,1);
Insert into TESTUSER1.MASTER (ID,SUPPLIER_ID,PRODUCT_ID,STATUS) values (48,8,73,1);
Insert into TESTUSER1.MASTER (ID,SUPPLIER_ID,PRODUCT_ID,STATUS) values (49,8,44,1);
Insert into TESTUSER1.MASTER (ID,SUPPLIER_ID,PRODUCT_ID,STATUS) values (50,77,157,1);
Insert into TESTUSER1.MASTER (ID,SUPPLIER_ID,PRODUCT_ID,STATUS) values (51,111,405,1);
Insert into TESTUSER1.MASTER (ID,SUPPLIER_ID,PRODUCT_ID,STATUS) values (52,15,273,1);
Insert into TESTUSER1.MASTER (ID,SUPPLIER_ID,PRODUCT_ID,STATUS) values (53,58,563,1);
Insert into TESTUSER1.MASTER (ID,SUPPLIER_ID,PRODUCT_ID,STATUS) values (54,58,582,1);
Insert into TESTUSER1.MASTER (ID,SUPPLIER_ID,PRODUCT_ID,STATUS) values (55,2,110,1);
Insert into TESTUSER1.MASTER (ID,SUPPLIER_ID,PRODUCT_ID,STATUS) values (56,111,268,1);
Insert into TESTUSER1.MASTER (ID,SUPPLIER_ID,PRODUCT_ID,STATUS) values (57,111,487,1);
Insert into TESTUSER1.MASTER (ID,SUPPLIER_ID,PRODUCT_ID,STATUS) values (58,6,145,1);
Insert into TESTUSER1.MASTER (ID,SUPPLIER_ID,PRODUCT_ID,STATUS) values (59,101,43,1);
Insert into TESTUSER1.MASTER (ID,SUPPLIER_ID,PRODUCT_ID,STATUS) values (60,45,18,1);
Insert into TESTUSER1.MASTER (ID,SUPPLIER_ID,PRODUCT_ID,STATUS) values (61,45,120,1);
Insert into TESTUSER1.MASTER (ID,SUPPLIER_ID,PRODUCT_ID,STATUS) values (62,45,12,1);
Insert into TESTUSER1.MASTER (ID,SUPPLIER_ID,PRODUCT_ID,STATUS) values (63,58,432,1);
Insert into TESTUSER1.MASTER (ID,SUPPLIER_ID,PRODUCT_ID,STATUS) values (64,15,6,1);
Insert into TESTUSER1.MASTER (ID,SUPPLIER_ID,PRODUCT_ID,STATUS) values (65,17,15,1);
Insert into TESTUSER1.MASTER (ID,SUPPLIER_ID,PRODUCT_ID,STATUS) values (66,115,262,1);
Insert into TESTUSER1.MASTER (ID,SUPPLIER_ID,PRODUCT_ID,STATUS) values (67,96,554,1);
Insert into TESTUSER1.MASTER (ID,SUPPLIER_ID,PRODUCT_ID,STATUS) values (68,96,583,1);
Insert into TESTUSER1.MASTER (ID,SUPPLIER_ID,PRODUCT_ID,STATUS) values (69,96,136,1);
Insert into TESTUSER1.MASTER (ID,SUPPLIER_ID,PRODUCT_ID,STATUS) values (70,17,478,1);
Insert into TESTUSER1.MASTER (ID,SUPPLIER_ID,PRODUCT_ID,STATUS) values (71,17,543,1);
Insert into TESTUSER1.MASTER (ID,SUPPLIER_ID,PRODUCT_ID,STATUS) values (72,17,347,1);
Insert into TESTUSER1.MASTER (ID,SUPPLIER_ID,PRODUCT_ID,STATUS) values (73,17,584,1);
Insert into TESTUSER1.MASTER (ID,SUPPLIER_ID,PRODUCT_ID,STATUS) values (74,17,426,1);
Insert into TESTUSER1.MASTER (ID,SUPPLIER_ID,PRODUCT_ID,STATUS) values (75,115,24,1);
Insert into TESTUSER1.MASTER (ID,SUPPLIER_ID,PRODUCT_ID,STATUS) values (76,22,501,1);
Insert into TESTUSER1.MASTER (ID,SUPPLIER_ID,PRODUCT_ID,STATUS) values (77,77,283,1);
Insert into TESTUSER1.MASTER (ID,SUPPLIER_ID,PRODUCT_ID,STATUS) values (78,77,535,1);
Insert into TESTUSER1.MASTER (ID,SUPPLIER_ID,PRODUCT_ID,STATUS) values (79,77,536,1);
Insert into TESTUSER1.MASTER (ID,SUPPLIER_ID,PRODUCT_ID,STATUS) values (80,3,67,0);
Insert into TESTUSER1.MASTER (ID,SUPPLIER_ID,PRODUCT_ID,STATUS) values (81,58,118,1);
Insert into TESTUSER1.MASTER (ID,SUPPLIER_ID,PRODUCT_ID,STATUS) values (82,58,339,1);
Insert into TESTUSER1.MASTER (ID,SUPPLIER_ID,PRODUCT_ID,STATUS) values (83,58,366,1);
Insert into TESTUSER1.MASTER (ID,SUPPLIER_ID,PRODUCT_ID,STATUS) values (84,40,477,1);
Insert into TESTUSER1.MASTER (ID,SUPPLIER_ID,PRODUCT_ID,STATUS) values (85,42,243,1);
Insert into TESTUSER1.MASTER (ID,SUPPLIER_ID,PRODUCT_ID,STATUS) values (86,46,97,1);
Insert into TESTUSER1.MASTER (ID,SUPPLIER_ID,PRODUCT_ID,STATUS) values (87,46,340,1);
Insert into TESTUSER1.MASTER (ID,SUPPLIER_ID,PRODUCT_ID,STATUS) values (88,46,376,1);
Insert into TESTUSER1.MASTER (ID,SUPPLIER_ID,PRODUCT_ID,STATUS) values (89,69,417,1);
Insert into TESTUSER1.MASTER (ID,SUPPLIER_ID,PRODUCT_ID,STATUS) values (90,11,590,1);
Insert into TESTUSER1.MASTER (ID,SUPPLIER_ID,PRODUCT_ID,STATUS) values (91,5,222,1);
Insert into TESTUSER1.MASTER (ID,SUPPLIER_ID,PRODUCT_ID,STATUS) values (92,15,444,1);
Insert into TESTUSER1.MASTER (ID,SUPPLIER_ID,PRODUCT_ID,STATUS) values (93,46,154,1);
Insert into TESTUSER1.MASTER (ID,SUPPLIER_ID,PRODUCT_ID,STATUS) values (94,25,59,1);
Insert into TESTUSER1.MASTER (ID,SUPPLIER_ID,PRODUCT_ID,STATUS) values (95,20,100,1);
Insert into TESTUSER1.MASTER (ID,SUPPLIER_ID,PRODUCT_ID,STATUS) values (96,47,249,1);
Insert into TESTUSER1.MASTER (ID,SUPPLIER_ID,PRODUCT_ID,STATUS) values (97,69,269,1);
Insert into TESTUSER1.MASTER (ID,SUPPLIER_ID,PRODUCT_ID,STATUS) values (98,69,101,1);
Insert into TESTUSER1.MASTER (ID,SUPPLIER_ID,PRODUCT_ID,STATUS) values (99,91,193,1);
Insert into TESTUSER1.MASTER (ID,SUPPLIER_ID,PRODUCT_ID,STATUS) values (100,20,123,1);
Insert into TESTUSER1.MASTER (ID,SUPPLIER_ID,PRODUCT_ID,STATUS) values (101,66,215,1);
Insert into TESTUSER1.MASTER (ID,SUPPLIER_ID,PRODUCT_ID,STATUS) values (102,115,410,1);
Insert into TESTUSER1.MASTER (ID,SUPPLIER_ID,PRODUCT_ID,STATUS) values (103,50,290,1);
Insert into TESTUSER1.MASTER (ID,SUPPLIER_ID,PRODUCT_ID,STATUS) values (104,74,192,1);
Insert into TESTUSER1.MASTER (ID,SUPPLIER_ID,PRODUCT_ID,STATUS) values (105,28,454,1);
Insert into TESTUSER1.MASTER (ID,SUPPLIER_ID,PRODUCT_ID,STATUS) values (106,28,499,1);
Insert into TESTUSER1.MASTER (ID,SUPPLIER_ID,PRODUCT_ID,STATUS) values (107,28,53,1);
Insert into TESTUSER1.MASTER (ID,SUPPLIER_ID,PRODUCT_ID,STATUS) values (108,28,375,1);
Insert into TESTUSER1.MASTER (ID,SUPPLIER_ID,PRODUCT_ID,STATUS) values (109,74,259,1);
Insert into TESTUSER1.MASTER (ID,SUPPLIER_ID,PRODUCT_ID,STATUS) values (110,74,463,1);
Insert into TESTUSER1.MASTER (ID,SUPPLIER_ID,PRODUCT_ID,STATUS) values (111,58,145,1);
Insert into TESTUSER1.MASTER (ID,SUPPLIER_ID,PRODUCT_ID,STATUS) values (112,111,274,1);
Insert into TESTUSER1.MASTER (ID,SUPPLIER_ID,PRODUCT_ID,STATUS) values (113,46,586,1);
Insert into TESTUSER1.MASTER (ID,SUPPLIER_ID,PRODUCT_ID,STATUS) values (114,58,545,1);
Insert into TESTUSER1.MASTER (ID,SUPPLIER_ID,PRODUCT_ID,STATUS) values (115,94,243,1);
Insert into TESTUSER1.MASTER (ID,SUPPLIER_ID,PRODUCT_ID,STATUS) values (116,94,531,1);
Insert into TESTUSER1.MASTER (ID,SUPPLIER_ID,PRODUCT_ID,STATUS) values (117,94,552,1);
Insert into TESTUSER1.MASTER (ID,SUPPLIER_ID,PRODUCT_ID,STATUS) values (118,46,242,1);
Insert into TESTUSER1.MASTER (ID,SUPPLIER_ID,PRODUCT_ID,STATUS) values (119,46,245,1);
Insert into TESTUSER1.MASTER (ID,SUPPLIER_ID,PRODUCT_ID,STATUS) values (120,18,445,1);
Insert into TESTUSER1.MASTER (ID,SUPPLIER_ID,PRODUCT_ID,STATUS) values (121,101,214,1);
Insert into TESTUSER1.MASTER (ID,SUPPLIER_ID,PRODUCT_ID,STATUS) values (122,25,326,1);
Insert into TESTUSER1.MASTER (ID,SUPPLIER_ID,PRODUCT_ID,STATUS) values (123,25,387,1);
Insert into TESTUSER1.MASTER (ID,SUPPLIER_ID,PRODUCT_ID,STATUS) values (124,44,234,1);
Insert into TESTUSER1.MASTER (ID,SUPPLIER_ID,PRODUCT_ID,STATUS) values (125,44,399,1);
Insert into TESTUSER1.MASTER (ID,SUPPLIER_ID,PRODUCT_ID,STATUS) values (126,44,377,1);
Insert into TESTUSER1.MASTER (ID,SUPPLIER_ID,PRODUCT_ID,STATUS) values (127,40,538,1);
Insert into TESTUSER1.MASTER (ID,SUPPLIER_ID,PRODUCT_ID,STATUS) values (128,79,288,1);
Insert into TESTUSER1.MASTER (ID,SUPPLIER_ID,PRODUCT_ID,STATUS) values (129,79,182,1);
Insert into TESTUSER1.MASTER (ID,SUPPLIER_ID,PRODUCT_ID,STATUS) values (130,19,150,1);
Insert into TESTUSER1.MASTER (ID,SUPPLIER_ID,PRODUCT_ID,STATUS) values (131,116,386,1);
Insert into TESTUSER1.MASTER (ID,SUPPLIER_ID,PRODUCT_ID,STATUS) values (132,116,489,1);
Insert into TESTUSER1.MASTER (ID,SUPPLIER_ID,PRODUCT_ID,STATUS) values (133,116,527,1);
Insert into TESTUSER1.MASTER (ID,SUPPLIER_ID,PRODUCT_ID,STATUS) values (134,93,360,1);
Insert into TESTUSER1.MASTER (ID,SUPPLIER_ID,PRODUCT_ID,STATUS) values (135,93,41,1);
Insert into TESTUSER1.MASTER (ID,SUPPLIER_ID,PRODUCT_ID,STATUS) values (136,91,358,1);
Insert into TESTUSER1.MASTER (ID,SUPPLIER_ID,PRODUCT_ID,STATUS) values (137,54,368,1);
Insert into TESTUSER1.MASTER (ID,SUPPLIER_ID,PRODUCT_ID,STATUS) values (138,22,580,1);
Insert into TESTUSER1.MASTER (ID,SUPPLIER_ID,PRODUCT_ID,STATUS) values (139,42,484,1);
Insert into TESTUSER1.MASTER (ID,SUPPLIER_ID,PRODUCT_ID,STATUS) values (140,28,142,1);
Insert into TESTUSER1.MASTER (ID,SUPPLIER_ID,PRODUCT_ID,STATUS) values (141,28,4,1);
Insert into TESTUSER1.MASTER (ID,SUPPLIER_ID,PRODUCT_ID,STATUS) values (142,96,284,1);
Insert into TESTUSER1.MASTER (ID,SUPPLIER_ID,PRODUCT_ID,STATUS) values (143,96,112,1);
Insert into TESTUSER1.MASTER (ID,SUPPLIER_ID,PRODUCT_ID,STATUS) values (144,18,174,1);
Insert into TESTUSER1.MASTER (ID,SUPPLIER_ID,PRODUCT_ID,STATUS) values (145,18,412,1);
Insert into TESTUSER1.MASTER (ID,SUPPLIER_ID,PRODUCT_ID,STATUS) values (146,96,571,1);
Insert into TESTUSER1.MASTER (ID,SUPPLIER_ID,PRODUCT_ID,STATUS) values (147,28,548,1);
Insert into TESTUSER1.MASTER (ID,SUPPLIER_ID,PRODUCT_ID,STATUS) values (148,28,504,1);
Insert into TESTUSER1.MASTER (ID,SUPPLIER_ID,PRODUCT_ID,STATUS) values (149,44,396,1);
Insert into TESTUSER1.MASTER (ID,SUPPLIER_ID,PRODUCT_ID,STATUS) values (150,94,259,1);
Insert into TESTUSER1.MASTER (ID,SUPPLIER_ID,PRODUCT_ID,STATUS) values (151,94,365,1);
Insert into TESTUSER1.MASTER (ID,SUPPLIER_ID,PRODUCT_ID,STATUS) values (152,43,571,1);
Insert into TESTUSER1.MASTER (ID,SUPPLIER_ID,PRODUCT_ID,STATUS) values (153,115,260,1);
Insert into TESTUSER1.MASTER (ID,SUPPLIER_ID,PRODUCT_ID,STATUS) values (154,16,390,1);
Insert into TESTUSER1.MASTER (ID,SUPPLIER_ID,PRODUCT_ID,STATUS) values (155,45,565,1);
Insert into TESTUSER1.MASTER (ID,SUPPLIER_ID,PRODUCT_ID,STATUS) values (156,45,181,1);
Insert into TESTUSER1.MASTER (ID,SUPPLIER_ID,PRODUCT_ID,STATUS) values (157,8,167,1);
Insert into TESTUSER1.MASTER (ID,SUPPLIER_ID,PRODUCT_ID,STATUS) values (158,8,211,1);
Insert into TESTUSER1.MASTER (ID,SUPPLIER_ID,PRODUCT_ID,STATUS) values (159,58,220,1);
Insert into TESTUSER1.MASTER (ID,SUPPLIER_ID,PRODUCT_ID,STATUS) values (160,20,466,1);
Insert into TESTUSER1.MASTER (ID,SUPPLIER_ID,PRODUCT_ID,STATUS) values (161,27,420,1);
Insert into TESTUSER1.MASTER (ID,SUPPLIER_ID,PRODUCT_ID,STATUS) values (162,3,511,1);
Insert into TESTUSER1.MASTER (ID,SUPPLIER_ID,PRODUCT_ID,STATUS) values (163,3,128,1);
Insert into TESTUSER1.MASTER (ID,SUPPLIER_ID,PRODUCT_ID,STATUS) values (164,3,235,0);
Insert into TESTUSER1.MASTER (ID,SUPPLIER_ID,PRODUCT_ID,STATUS) values (165,96,375,1);
Insert into TESTUSER1.MASTER (ID,SUPPLIER_ID,PRODUCT_ID,STATUS) values (166,24,264,1);
Insert into TESTUSER1.MASTER (ID,SUPPLIER_ID,PRODUCT_ID,STATUS) values (167,29,462,1);
Insert into TESTUSER1.MASTER (ID,SUPPLIER_ID,PRODUCT_ID,STATUS) values (168,23,246,1);
Insert into TESTUSER1.MASTER (ID,SUPPLIER_ID,PRODUCT_ID,STATUS) values (169,2,375,0);
Insert into TESTUSER1.MASTER (ID,SUPPLIER_ID,PRODUCT_ID,STATUS) values (170,2,442,1);
Insert into TESTUSER1.MASTER (ID,SUPPLIER_ID,PRODUCT_ID,STATUS) values (171,103,409,1);
Insert into TESTUSER1.MASTER (ID,SUPPLIER_ID,PRODUCT_ID,STATUS) values (172,62,163,1);
Insert into TESTUSER1.MASTER (ID,SUPPLIER_ID,PRODUCT_ID,STATUS) values (173,16,303,1);
Insert into TESTUSER1.MASTER (ID,SUPPLIER_ID,PRODUCT_ID,STATUS) values (174,16,423,1);
Insert into TESTUSER1.MASTER (ID,SUPPLIER_ID,PRODUCT_ID,STATUS) values (175,18,177,1);
Insert into TESTUSER1.MASTER (ID,SUPPLIER_ID,PRODUCT_ID,STATUS) values (176,3,8,1);
Insert into TESTUSER1.MASTER (ID,SUPPLIER_ID,PRODUCT_ID,STATUS) values (177,28,247,1);
Insert into TESTUSER1.MASTER (ID,SUPPLIER_ID,PRODUCT_ID,STATUS) values (178,38,551,1);
Insert into TESTUSER1.MASTER (ID,SUPPLIER_ID,PRODUCT_ID,STATUS) values (179,38,54,1);
Insert into TESTUSER1.MASTER (ID,SUPPLIER_ID,PRODUCT_ID,STATUS) values (180,79,428,1);
Insert into TESTUSER1.MASTER (ID,SUPPLIER_ID,PRODUCT_ID,STATUS) values (181,3,272,1);
Insert into TESTUSER1.MASTER (ID,SUPPLIER_ID,PRODUCT_ID,STATUS) values (182,77,311,1);
Insert into TESTUSER1.MASTER (ID,SUPPLIER_ID,PRODUCT_ID,STATUS) values (183,77,402,1);
Insert into TESTUSER1.MASTER (ID,SUPPLIER_ID,PRODUCT_ID,STATUS) values (184,77,67,1);
Insert into TESTUSER1.MASTER (ID,SUPPLIER_ID,PRODUCT_ID,STATUS) values (185,68,412,1);
Insert into TESTUSER1.MASTER (ID,SUPPLIER_ID,PRODUCT_ID,STATUS) values (186,11,486,1);
Insert into TESTUSER1.MASTER (ID,SUPPLIER_ID,PRODUCT_ID,STATUS) values (187,11,507,1);
Insert into TESTUSER1.MASTER (ID,SUPPLIER_ID,PRODUCT_ID,STATUS) values (188,11,542,1);
Insert into TESTUSER1.MASTER (ID,SUPPLIER_ID,PRODUCT_ID,STATUS) values (189,50,464,1);
Insert into TESTUSER1.MASTER (ID,SUPPLIER_ID,PRODUCT_ID,STATUS) values (190,116,272,1);
Insert into TESTUSER1.MASTER (ID,SUPPLIER_ID,PRODUCT_ID,STATUS) values (191,23,146,1);
Insert into TESTUSER1.MASTER (ID,SUPPLIER_ID,PRODUCT_ID,STATUS) values (192,23,437,1);
Insert into TESTUSER1.MASTER (ID,SUPPLIER_ID,PRODUCT_ID,STATUS) values (193,50,336,1);
Insert into TESTUSER1.MASTER (ID,SUPPLIER_ID,PRODUCT_ID,STATUS) values (194,115,293,1);
Insert into TESTUSER1.MASTER (ID,SUPPLIER_ID,PRODUCT_ID,STATUS) values (195,115,294,1);
Insert into TESTUSER1.MASTER (ID,SUPPLIER_ID,PRODUCT_ID,STATUS) values (196,26,209,1);
Insert into TESTUSER1.MASTER (ID,SUPPLIER_ID,PRODUCT_ID,STATUS) values (197,79,12,1);
Insert into TESTUSER1.MASTER (ID,SUPPLIER_ID,PRODUCT_ID,STATUS) values (198,42,196,1);
Insert into TESTUSER1.MASTER (ID,SUPPLIER_ID,PRODUCT_ID,STATUS) values (199,92,214,1);
Insert into TESTUSER1.MASTER (ID,SUPPLIER_ID,PRODUCT_ID,STATUS) values (200,92,421,1);
Insert into TESTUSER1.MASTER (ID,SUPPLIER_ID,PRODUCT_ID,STATUS) values (201,50,248,1);
Insert into TESTUSER1.MASTER (ID,SUPPLIER_ID,PRODUCT_ID,STATUS) values (202,8,18,1);
Insert into TESTUSER1.MASTER (ID,SUPPLIER_ID,PRODUCT_ID,STATUS) values (203,8,537,1);
Insert into TESTUSER1.MASTER (ID,SUPPLIER_ID,PRODUCT_ID,STATUS) values (204,30,470,1);
Insert into TESTUSER1.MASTER (ID,SUPPLIER_ID,PRODUCT_ID,STATUS) values (205,10,361,1);
Insert into TESTUSER1.MASTER (ID,SUPPLIER_ID,PRODUCT_ID,STATUS) values (206,10,19,1);
Insert into TESTUSER1.MASTER (ID,SUPPLIER_ID,PRODUCT_ID,STATUS) values (207,28,143,1);
Insert into TESTUSER1.MASTER (ID,SUPPLIER_ID,PRODUCT_ID,STATUS) values (208,46,119,1);
Insert into TESTUSER1.MASTER (ID,SUPPLIER_ID,PRODUCT_ID,STATUS) values (209,27,294,1);
Insert into TESTUSER1.MASTER (ID,SUPPLIER_ID,PRODUCT_ID,STATUS) values (210,55,550,1);
Insert into TESTUSER1.MASTER (ID,SUPPLIER_ID,PRODUCT_ID,STATUS) values (211,55,279,1);
Insert into TESTUSER1.MASTER (ID,SUPPLIER_ID,PRODUCT_ID,STATUS) values (212,115,68,1);
Insert into TESTUSER1.MASTER (ID,SUPPLIER_ID,PRODUCT_ID,STATUS) values (213,115,16,1);
Insert into TESTUSER1.MASTER (ID,SUPPLIER_ID,PRODUCT_ID,STATUS) values (214,115,313,1);
Insert into TESTUSER1.MASTER (ID,SUPPLIER_ID,PRODUCT_ID,STATUS) values (215,115,252,1);
Insert into TESTUSER1.MASTER (ID,SUPPLIER_ID,PRODUCT_ID,STATUS) values (216,31,205,1);
Insert into TESTUSER1.MASTER (ID,SUPPLIER_ID,PRODUCT_ID,STATUS) values (217,14,362,1);
Insert into TESTUSER1.MASTER (ID,SUPPLIER_ID,PRODUCT_ID,STATUS) values (218,62,510,1);
Insert into TESTUSER1.MASTER (ID,SUPPLIER_ID,PRODUCT_ID,STATUS) values (219,62,225,1);
Insert into TESTUSER1.MASTER (ID,SUPPLIER_ID,PRODUCT_ID,STATUS) values (220,64,488,1);
Insert into TESTUSER1.MASTER (ID,SUPPLIER_ID,PRODUCT_ID,STATUS) values (221,54,127,1);
Insert into TESTUSER1.MASTER (ID,SUPPLIER_ID,PRODUCT_ID,STATUS) values (222,74,446,1);
Insert into TESTUSER1.MASTER (ID,SUPPLIER_ID,PRODUCT_ID,STATUS) values (223,101,354,1);
Insert into TESTUSER1.MASTER (ID,SUPPLIER_ID,PRODUCT_ID,STATUS) values (224,40,90,1);
Insert into TESTUSER1.MASTER (ID,SUPPLIER_ID,PRODUCT_ID,STATUS) values (225,40,581,1);
Insert into TESTUSER1.MASTER (ID,SUPPLIER_ID,PRODUCT_ID,STATUS) values (226,106,238,1);
Insert into TESTUSER1.MASTER (ID,SUPPLIER_ID,PRODUCT_ID,STATUS) values (227,106,447,1);
Insert into TESTUSER1.MASTER (ID,SUPPLIER_ID,PRODUCT_ID,STATUS) values (228,93,558,1);
Insert into TESTUSER1.MASTER (ID,SUPPLIER_ID,PRODUCT_ID,STATUS) values (229,93,84,1);
Insert into TESTUSER1.MASTER (ID,SUPPLIER_ID,PRODUCT_ID,STATUS) values (230,30,539,1);
Insert into TESTUSER1.MASTER (ID,SUPPLIER_ID,PRODUCT_ID,STATUS) values (231,43,408,1);
Insert into TESTUSER1.MASTER (ID,SUPPLIER_ID,PRODUCT_ID,STATUS) values (232,72,105,1);
Insert into TESTUSER1.MASTER (ID,SUPPLIER_ID,PRODUCT_ID,STATUS) values (233,72,31,1);
Insert into TESTUSER1.MASTER (ID,SUPPLIER_ID,PRODUCT_ID,STATUS) values (234,58,270,1);
Insert into TESTUSER1.MASTER (ID,SUPPLIER_ID,PRODUCT_ID,STATUS) values (235,26,268,1);
Insert into TESTUSER1.MASTER (ID,SUPPLIER_ID,PRODUCT_ID,STATUS) values (236,27,159,1);
Insert into TESTUSER1.MASTER (ID,SUPPLIER_ID,PRODUCT_ID,STATUS) values (237,37,314,1);
Insert into TESTUSER1.MASTER (ID,SUPPLIER_ID,PRODUCT_ID,STATUS) values (238,106,417,1);
Insert into TESTUSER1.MASTER (ID,SUPPLIER_ID,PRODUCT_ID,STATUS) values (239,40,520,1);
Insert into TESTUSER1.MASTER (ID,SUPPLIER_ID,PRODUCT_ID,STATUS) values (240,47,104,1);
Insert into TESTUSER1.MASTER (ID,SUPPLIER_ID,PRODUCT_ID,STATUS) values (241,47,197,1);
Insert into TESTUSER1.MASTER (ID,SUPPLIER_ID,PRODUCT_ID,STATUS) values (242,43,50,1);
Insert into TESTUSER1.MASTER (ID,SUPPLIER_ID,PRODUCT_ID,STATUS) values (243,58,219,1);
Insert into TESTUSER1.MASTER (ID,SUPPLIER_ID,PRODUCT_ID,STATUS) values (244,58,431,1);
Insert into TESTUSER1.MASTER (ID,SUPPLIER_ID,PRODUCT_ID,STATUS) values (245,19,57,1);
Insert into TESTUSER1.MASTER (ID,SUPPLIER_ID,PRODUCT_ID,STATUS) values (246,30,454,1);
Insert into TESTUSER1.MASTER (ID,SUPPLIER_ID,PRODUCT_ID,STATUS) values (247,30,433,1);
Insert into TESTUSER1.MASTER (ID,SUPPLIER_ID,PRODUCT_ID,STATUS) values (248,30,81,1);
Insert into TESTUSER1.MASTER (ID,SUPPLIER_ID,PRODUCT_ID,STATUS) values (249,30,448,1);
Insert into TESTUSER1.MASTER (ID,SUPPLIER_ID,PRODUCT_ID,STATUS) values (250,93,425,1);
Insert into TESTUSER1.MASTER (ID,SUPPLIER_ID,PRODUCT_ID,STATUS) values (251,91,146,1);
Insert into TESTUSER1.MASTER (ID,SUPPLIER_ID,PRODUCT_ID,STATUS) values (252,91,255,1);
Insert into TESTUSER1.MASTER (ID,SUPPLIER_ID,PRODUCT_ID,STATUS) values (253,91,282,1);
Insert into TESTUSER1.MASTER (ID,SUPPLIER_ID,PRODUCT_ID,STATUS) values (254,91,217,1);
Insert into TESTUSER1.MASTER (ID,SUPPLIER_ID,PRODUCT_ID,STATUS) values (255,18,159,1);
Insert into TESTUSER1.MASTER (ID,SUPPLIER_ID,PRODUCT_ID,STATUS) values (256,36,346,1);
Insert into TESTUSER1.MASTER (ID,SUPPLIER_ID,PRODUCT_ID,STATUS) values (257,36,4,1);
Insert into TESTUSER1.MASTER (ID,SUPPLIER_ID,PRODUCT_ID,STATUS) values (258,96,466,1);
Insert into TESTUSER1.MASTER (ID,SUPPLIER_ID,PRODUCT_ID,STATUS) values (259,96,21,1);
Insert into TESTUSER1.MASTER (ID,SUPPLIER_ID,PRODUCT_ID,STATUS) values (260,96,226,1);
Insert into TESTUSER1.MASTER (ID,SUPPLIER_ID,PRODUCT_ID,STATUS) values (261,24,295,1);
Insert into TESTUSER1.MASTER (ID,SUPPLIER_ID,PRODUCT_ID,STATUS) values (262,24,513,1);
Insert into TESTUSER1.MASTER (ID,SUPPLIER_ID,PRODUCT_ID,STATUS) values (263,106,341,1);
Insert into TESTUSER1.MASTER (ID,SUPPLIER_ID,PRODUCT_ID,STATUS) values (264,114,35,1);
Insert into TESTUSER1.MASTER (ID,SUPPLIER_ID,PRODUCT_ID,STATUS) values (265,114,493,1);
Insert into TESTUSER1.MASTER (ID,SUPPLIER_ID,PRODUCT_ID,STATUS) values (266,115,215,1);
Insert into TESTUSER1.MASTER (ID,SUPPLIER_ID,PRODUCT_ID,STATUS) values (267,115,47,1);
Insert into TESTUSER1.MASTER (ID,SUPPLIER_ID,PRODUCT_ID,STATUS) values (268,29,305,1);
Insert into TESTUSER1.MASTER (ID,SUPPLIER_ID,PRODUCT_ID,STATUS) values (269,29,475,1);
Insert into TESTUSER1.MASTER (ID,SUPPLIER_ID,PRODUCT_ID,STATUS) values (270,27,127,1);
Insert into TESTUSER1.MASTER (ID,SUPPLIER_ID,PRODUCT_ID,STATUS) values (271,27,370,1);
Insert into TESTUSER1.MASTER (ID,SUPPLIER_ID,PRODUCT_ID,STATUS) values (272,58,325,1);
Insert into TESTUSER1.MASTER (ID,SUPPLIER_ID,PRODUCT_ID,STATUS) values (273,79,151,1);
Insert into TESTUSER1.MASTER (ID,SUPPLIER_ID,PRODUCT_ID,STATUS) values (274,106,119,1);
Insert into TESTUSER1.MASTER (ID,SUPPLIER_ID,PRODUCT_ID,STATUS) values (275,18,45,1);
Insert into TESTUSER1.MASTER (ID,SUPPLIER_ID,PRODUCT_ID,STATUS) values (276,18,231,1);
Insert into TESTUSER1.MASTER (ID,SUPPLIER_ID,PRODUCT_ID,STATUS) values (277,3,11,1);
Insert into TESTUSER1.MASTER (ID,SUPPLIER_ID,PRODUCT_ID,STATUS) values (278,3,406,1);
Insert into TESTUSER1.MASTER (ID,SUPPLIER_ID,PRODUCT_ID,STATUS) values (279,26,319,1);
Insert into TESTUSER1.MASTER (ID,SUPPLIER_ID,PRODUCT_ID,STATUS) values (280,26,21,1);
Insert into TESTUSER1.MASTER (ID,SUPPLIER_ID,PRODUCT_ID,STATUS) values (281,26,411,1);
Insert into TESTUSER1.MASTER (ID,SUPPLIER_ID,PRODUCT_ID,STATUS) values (282,69,458,1);
Insert into TESTUSER1.MASTER (ID,SUPPLIER_ID,PRODUCT_ID,STATUS) values (283,62,308,1);
Insert into TESTUSER1.MASTER (ID,SUPPLIER_ID,PRODUCT_ID,STATUS) values (284,62,269,1);
Insert into TESTUSER1.MASTER (ID,SUPPLIER_ID,PRODUCT_ID,STATUS) values (285,62,497,1);
Insert into TESTUSER1.MASTER (ID,SUPPLIER_ID,PRODUCT_ID,STATUS) values (286,46,528,1);
Insert into TESTUSER1.MASTER (ID,SUPPLIER_ID,PRODUCT_ID,STATUS) values (287,46,29,1);
Insert into TESTUSER1.MASTER (ID,SUPPLIER_ID,PRODUCT_ID,STATUS) values (288,46,318,1);
Insert into TESTUSER1.MASTER (ID,SUPPLIER_ID,PRODUCT_ID,STATUS) values (289,46,401,1);
Insert into TESTUSER1.MASTER (ID,SUPPLIER_ID,PRODUCT_ID,STATUS) values (290,27,198,1);
Insert into TESTUSER1.MASTER (ID,SUPPLIER_ID,PRODUCT_ID,STATUS) values (291,117,64,1);
Insert into TESTUSER1.MASTER (ID,SUPPLIER_ID,PRODUCT_ID,STATUS) values (292,117,448,1);
Insert into TESTUSER1.MASTER (ID,SUPPLIER_ID,PRODUCT_ID,STATUS) values (293,24,519,1);
Insert into TESTUSER1.MASTER (ID,SUPPLIER_ID,PRODUCT_ID,STATUS) values (294,116,199,1);
Insert into TESTUSER1.MASTER (ID,SUPPLIER_ID,PRODUCT_ID,STATUS) values (295,116,48,1);
Insert into TESTUSER1.MASTER (ID,SUPPLIER_ID,PRODUCT_ID,STATUS) values (296,116,402,1);
Insert into TESTUSER1.MASTER (ID,SUPPLIER_ID,PRODUCT_ID,STATUS) values (297,20,134,1);
Insert into TESTUSER1.MASTER (ID,SUPPLIER_ID,PRODUCT_ID,STATUS) values (298,20,130,1);
Insert into TESTUSER1.MASTER (ID,SUPPLIER_ID,PRODUCT_ID,STATUS) values (299,31,479,1);
Insert into TESTUSER1.MASTER (ID,SUPPLIER_ID,PRODUCT_ID,STATUS) values (300,18,371,1);
Insert into TESTUSER1.MASTER (ID,SUPPLIER_ID,PRODUCT_ID,STATUS) values (301,18,112,1);
Insert into TESTUSER1.MASTER (ID,SUPPLIER_ID,PRODUCT_ID,STATUS) values (302,50,317,1);
Insert into TESTUSER1.MASTER (ID,SUPPLIER_ID,PRODUCT_ID,STATUS) values (303,91,77,1);
Insert into TESTUSER1.MASTER (ID,SUPPLIER_ID,PRODUCT_ID,STATUS) values (304,91,235,1);
Insert into TESTUSER1.MASTER (ID,SUPPLIER_ID,PRODUCT_ID,STATUS) values (305,45,507,1);
Insert into TESTUSER1.MASTER (ID,SUPPLIER_ID,PRODUCT_ID,STATUS) values (306,94,498,1);
Insert into TESTUSER1.MASTER (ID,SUPPLIER_ID,PRODUCT_ID,STATUS) values (307,31,468,1);
Insert into TESTUSER1.MASTER (ID,SUPPLIER_ID,PRODUCT_ID,STATUS) values (308,94,363,1);
Insert into TESTUSER1.MASTER (ID,SUPPLIER_ID,PRODUCT_ID,STATUS) values (309,37,214,1);
Insert into TESTUSER1.MASTER (ID,SUPPLIER_ID,PRODUCT_ID,STATUS) values (310,37,533,1);
Insert into TESTUSER1.MASTER (ID,SUPPLIER_ID,PRODUCT_ID,STATUS) values (311,37,136,1);
Insert into TESTUSER1.MASTER (ID,SUPPLIER_ID,PRODUCT_ID,STATUS) values (312,20,411,1);
Insert into TESTUSER1.MASTER (ID,SUPPLIER_ID,PRODUCT_ID,STATUS) values (313,45,30,1);
Insert into TESTUSER1.MASTER (ID,SUPPLIER_ID,PRODUCT_ID,STATUS) values (314,92,172,1);
Insert into TESTUSER1.MASTER (ID,SUPPLIER_ID,PRODUCT_ID,STATUS) values (315,47,589,1);
Insert into TESTUSER1.MASTER (ID,SUPPLIER_ID,PRODUCT_ID,STATUS) values (316,47,286,1);
Insert into TESTUSER1.MASTER (ID,SUPPLIER_ID,PRODUCT_ID,STATUS) values (317,69,157,1);
Insert into TESTUSER1.MASTER (ID,SUPPLIER_ID,PRODUCT_ID,STATUS) values (318,69,220,1);
Insert into TESTUSER1.MASTER (ID,SUPPLIER_ID,PRODUCT_ID,STATUS) values (319,79,261,1);
Insert into TESTUSER1.MASTER (ID,SUPPLIER_ID,PRODUCT_ID,STATUS) values (320,72,408,1);
Insert into TESTUSER1.MASTER (ID,SUPPLIER_ID,PRODUCT_ID,STATUS) values (321,72,339,1);
Insert into TESTUSER1.MASTER (ID,SUPPLIER_ID,PRODUCT_ID,STATUS) values (322,72,149,1);
Insert into TESTUSER1.MASTER (ID,SUPPLIER_ID,PRODUCT_ID,STATUS) values (323,72,480,1);
Insert into TESTUSER1.MASTER (ID,SUPPLIER_ID,PRODUCT_ID,STATUS) values (324,36,318,1);
Insert into TESTUSER1.MASTER (ID,SUPPLIER_ID,PRODUCT_ID,STATUS) values (325,66,258,1);
Insert into TESTUSER1.MASTER (ID,SUPPLIER_ID,PRODUCT_ID,STATUS) values (326,66,96,1);
Insert into TESTUSER1.MASTER (ID,SUPPLIER_ID,PRODUCT_ID,STATUS) values (327,66,77,1);
Insert into TESTUSER1.MASTER (ID,SUPPLIER_ID,PRODUCT_ID,STATUS) values (328,79,304,1);
Insert into TESTUSER1.MASTER (ID,SUPPLIER_ID,PRODUCT_ID,STATUS) values (329,27,26,1);
Insert into TESTUSER1.MASTER (ID,SUPPLIER_ID,PRODUCT_ID,STATUS) values (330,14,261,1);
Insert into TESTUSER1.MASTER (ID,SUPPLIER_ID,PRODUCT_ID,STATUS) values (331,114,522,1);
Insert into TESTUSER1.MASTER (ID,SUPPLIER_ID,PRODUCT_ID,STATUS) values (332,25,108,1);
Insert into TESTUSER1.MASTER (ID,SUPPLIER_ID,PRODUCT_ID,STATUS) values (333,3,211,1);
Insert into TESTUSER1.MASTER (ID,SUPPLIER_ID,PRODUCT_ID,STATUS) values (334,31,269,1);
Insert into TESTUSER1.MASTER (ID,SUPPLIER_ID,PRODUCT_ID,STATUS) values (335,18,308,1);
Insert into TESTUSER1.MASTER (ID,SUPPLIER_ID,PRODUCT_ID,STATUS) values (336,23,298,1);
Insert into TESTUSER1.MASTER (ID,SUPPLIER_ID,PRODUCT_ID,STATUS) values (337,3,216,1);
Insert into TESTUSER1.MASTER (ID,SUPPLIER_ID,PRODUCT_ID,STATUS) values (338,3,432,1);
Insert into TESTUSER1.MASTER (ID,SUPPLIER_ID,PRODUCT_ID,STATUS) values (339,92,263,1);
Insert into TESTUSER1.MASTER (ID,SUPPLIER_ID,PRODUCT_ID,STATUS) values (340,114,239,1);
Insert into TESTUSER1.MASTER (ID,SUPPLIER_ID,PRODUCT_ID,STATUS) values (341,45,244,1);
Insert into TESTUSER1.MASTER (ID,SUPPLIER_ID,PRODUCT_ID,STATUS) values (342,45,365,1);
Insert into TESTUSER1.MASTER (ID,SUPPLIER_ID,PRODUCT_ID,STATUS) values (343,45,485,1);
Insert into TESTUSER1.MASTER (ID,SUPPLIER_ID,PRODUCT_ID,STATUS) values (344,114,567,1);
Insert into TESTUSER1.MASTER (ID,SUPPLIER_ID,PRODUCT_ID,STATUS) values (345,69,153,1);
Insert into TESTUSER1.MASTER (ID,SUPPLIER_ID,PRODUCT_ID,STATUS) values (346,55,296,1);
Insert into TESTUSER1.MASTER (ID,SUPPLIER_ID,PRODUCT_ID,STATUS) values (347,46,92,1);
Insert into TESTUSER1.MASTER (ID,SUPPLIER_ID,PRODUCT_ID,STATUS) values (348,114,421,1);
Insert into TESTUSER1.MASTER (ID,SUPPLIER_ID,PRODUCT_ID,STATUS) values (349,46,369,1);
Insert into TESTUSER1.MASTER (ID,SUPPLIER_ID,PRODUCT_ID,STATUS) values (350,37,515,1);
Insert into TESTUSER1.MASTER (ID,SUPPLIER_ID,PRODUCT_ID,STATUS) values (351,37,82,1);
Insert into TESTUSER1.MASTER (ID,SUPPLIER_ID,PRODUCT_ID,STATUS) values (352,54,168,1);
Insert into TESTUSER1.MASTER (ID,SUPPLIER_ID,PRODUCT_ID,STATUS) values (353,45,383,1);
Insert into TESTUSER1.MASTER (ID,SUPPLIER_ID,PRODUCT_ID,STATUS) values (354,45,333,1);
Insert into TESTUSER1.MASTER (ID,SUPPLIER_ID,PRODUCT_ID,STATUS) values (355,45,395,1);
Insert into TESTUSER1.MASTER (ID,SUPPLIER_ID,PRODUCT_ID,STATUS) values (356,5,183,1);
Insert into TESTUSER1.MASTER (ID,SUPPLIER_ID,PRODUCT_ID,STATUS) values (357,79,340,1);
Insert into TESTUSER1.MASTER (ID,SUPPLIER_ID,PRODUCT_ID,STATUS) values (358,91,257,1);
Insert into TESTUSER1.MASTER (ID,SUPPLIER_ID,PRODUCT_ID,STATUS) values (359,31,304,1);
Insert into TESTUSER1.MASTER (ID,SUPPLIER_ID,PRODUCT_ID,STATUS) values (360,31,126,1);
Insert into TESTUSER1.MASTER (ID,SUPPLIER_ID,PRODUCT_ID,STATUS) values (361,95,511,1);
Insert into TESTUSER1.MASTER (ID,SUPPLIER_ID,PRODUCT_ID,STATUS) values (362,95,425,1);
Insert into TESTUSER1.MASTER (ID,SUPPLIER_ID,PRODUCT_ID,STATUS) values (363,77,122,1);
Insert into TESTUSER1.MASTER (ID,SUPPLIER_ID,PRODUCT_ID,STATUS) values (364,93,69,1);
Insert into TESTUSER1.MASTER (ID,SUPPLIER_ID,PRODUCT_ID,STATUS) values (365,69,441,1);
Insert into TESTUSER1.MASTER (ID,SUPPLIER_ID,PRODUCT_ID,STATUS) values (366,114,80,1);
Insert into TESTUSER1.MASTER (ID,SUPPLIER_ID,PRODUCT_ID,STATUS) values (367,114,160,1);
Insert into TESTUSER1.MASTER (ID,SUPPLIER_ID,PRODUCT_ID,STATUS) values (368,114,28,1);
Insert into TESTUSER1.MASTER (ID,SUPPLIER_ID,PRODUCT_ID,STATUS) values (369,30,232,1);
Insert into TESTUSER1.MASTER (ID,SUPPLIER_ID,PRODUCT_ID,STATUS) values (370,24,194,1);
Insert into TESTUSER1.MASTER (ID,SUPPLIER_ID,PRODUCT_ID,STATUS) values (371,46,186,1);
Insert into TESTUSER1.MASTER (ID,SUPPLIER_ID,PRODUCT_ID,STATUS) values (372,43,55,1);
Insert into TESTUSER1.MASTER (ID,SUPPLIER_ID,PRODUCT_ID,STATUS) values (373,43,106,1);
Insert into TESTUSER1.MASTER (ID,SUPPLIER_ID,PRODUCT_ID,STATUS) values (374,55,571,1);
Insert into TESTUSER1.MASTER (ID,SUPPLIER_ID,PRODUCT_ID,STATUS) values (375,23,459,1);
Insert into TESTUSER1.MASTER (ID,SUPPLIER_ID,PRODUCT_ID,STATUS) values (376,27,164,1);
Insert into TESTUSER1.MASTER (ID,SUPPLIER_ID,PRODUCT_ID,STATUS) values (377,77,203,1);
Insert into TESTUSER1.MASTER (ID,SUPPLIER_ID,PRODUCT_ID,STATUS) values (378,37,399,1);
Insert into TESTUSER1.MASTER (ID,SUPPLIER_ID,PRODUCT_ID,STATUS) values (379,37,420,1);
Insert into TESTUSER1.MASTER (ID,SUPPLIER_ID,PRODUCT_ID,STATUS) values (380,18,492,1);
Insert into TESTUSER1.MASTER (ID,SUPPLIER_ID,PRODUCT_ID,STATUS) values (381,5,66,1);
Insert into TESTUSER1.MASTER (ID,SUPPLIER_ID,PRODUCT_ID,STATUS) values (382,18,414,1);
Insert into TESTUSER1.MASTER (ID,SUPPLIER_ID,PRODUCT_ID,STATUS) values (383,18,86,1);
Insert into TESTUSER1.MASTER (ID,SUPPLIER_ID,PRODUCT_ID,STATUS) values (384,114,250,1);
Insert into TESTUSER1.MASTER (ID,SUPPLIER_ID,PRODUCT_ID,STATUS) values (385,115,116,1);
Insert into TESTUSER1.MASTER (ID,SUPPLIER_ID,PRODUCT_ID,STATUS) values (386,77,31,1);
Insert into TESTUSER1.MASTER (ID,SUPPLIER_ID,PRODUCT_ID,STATUS) values (387,24,17,1);
Insert into TESTUSER1.MASTER (ID,SUPPLIER_ID,PRODUCT_ID,STATUS) values (388,5,271,1);
Insert into TESTUSER1.MASTER (ID,SUPPLIER_ID,PRODUCT_ID,STATUS) values (389,44,218,1);
Insert into TESTUSER1.MASTER (ID,SUPPLIER_ID,PRODUCT_ID,STATUS) values (390,44,334,1);
Insert into TESTUSER1.MASTER (ID,SUPPLIER_ID,PRODUCT_ID,STATUS) values (391,92,62,1);
Insert into TESTUSER1.MASTER (ID,SUPPLIER_ID,PRODUCT_ID,STATUS) values (392,92,382,1);
Insert into TESTUSER1.MASTER (ID,SUPPLIER_ID,PRODUCT_ID,STATUS) values (393,46,420,1);
Insert into TESTUSER1.MASTER (ID,SUPPLIER_ID,PRODUCT_ID,STATUS) values (394,46,437,1);
Insert into TESTUSER1.MASTER (ID,SUPPLIER_ID,PRODUCT_ID,STATUS) values (395,114,132,1);
Insert into TESTUSER1.MASTER (ID,SUPPLIER_ID,PRODUCT_ID,STATUS) values (396,6,397,1);
Insert into TESTUSER1.MASTER (ID,SUPPLIER_ID,PRODUCT_ID,STATUS) values (397,94,49,1);
Insert into TESTUSER1.MASTER (ID,SUPPLIER_ID,PRODUCT_ID,STATUS) values (398,94,374,1);
Insert into TESTUSER1.MASTER (ID,SUPPLIER_ID,PRODUCT_ID,STATUS) values (399,94,471,1);
Insert into TESTUSER1.MASTER (ID,SUPPLIER_ID,PRODUCT_ID,STATUS) values (400,94,475,1);
Insert into TESTUSER1.MASTER (ID,SUPPLIER_ID,PRODUCT_ID,STATUS) values (401,74,17,1);
Insert into TESTUSER1.MASTER (ID,SUPPLIER_ID,PRODUCT_ID,STATUS) values (402,22,61,1);
Insert into TESTUSER1.MASTER (ID,SUPPLIER_ID,PRODUCT_ID,STATUS) values (403,11,215,1);
Insert into TESTUSER1.MASTER (ID,SUPPLIER_ID,PRODUCT_ID,STATUS) values (404,11,177,1);
Insert into TESTUSER1.MASTER (ID,SUPPLIER_ID,PRODUCT_ID,STATUS) values (405,46,387,1);
Insert into TESTUSER1.MASTER (ID,SUPPLIER_ID,PRODUCT_ID,STATUS) values (406,43,443,1);
Insert into TESTUSER1.MASTER (ID,SUPPLIER_ID,PRODUCT_ID,STATUS) values (407,42,297,1);
Insert into TESTUSER1.MASTER (ID,SUPPLIER_ID,PRODUCT_ID,STATUS) values (408,29,469,1);
Insert into TESTUSER1.MASTER (ID,SUPPLIER_ID,PRODUCT_ID,STATUS) values (409,100,107,1);
Insert into TESTUSER1.MASTER (ID,SUPPLIER_ID,PRODUCT_ID,STATUS) values (410,100,467,1);
Insert into TESTUSER1.MASTER (ID,SUPPLIER_ID,PRODUCT_ID,STATUS) values (411,96,187,1);
Insert into TESTUSER1.MASTER (ID,SUPPLIER_ID,PRODUCT_ID,STATUS) values (412,55,359,1);
Insert into TESTUSER1.MASTER (ID,SUPPLIER_ID,PRODUCT_ID,STATUS) values (413,23,262,1);
Insert into TESTUSER1.MASTER (ID,SUPPLIER_ID,PRODUCT_ID,STATUS) values (414,100,166,1);
Insert into TESTUSER1.MASTER (ID,SUPPLIER_ID,PRODUCT_ID,STATUS) values (415,46,223,1);
Insert into TESTUSER1.MASTER (ID,SUPPLIER_ID,PRODUCT_ID,STATUS) values (416,50,518,1);
Insert into TESTUSER1.MASTER (ID,SUPPLIER_ID,PRODUCT_ID,STATUS) values (417,19,351,1);
Insert into TESTUSER1.MASTER (ID,SUPPLIER_ID,PRODUCT_ID,STATUS) values (418,19,404,1);
Insert into TESTUSER1.MASTER (ID,SUPPLIER_ID,PRODUCT_ID,STATUS) values (419,45,195,1);
Insert into TESTUSER1.MASTER (ID,SUPPLIER_ID,PRODUCT_ID,STATUS) values (420,101,557,1);
Insert into TESTUSER1.MASTER (ID,SUPPLIER_ID,PRODUCT_ID,STATUS) values (421,95,63,1);
Insert into TESTUSER1.MASTER (ID,SUPPLIER_ID,PRODUCT_ID,STATUS) values (422,95,98,1);
Insert into TESTUSER1.MASTER (ID,SUPPLIER_ID,PRODUCT_ID,STATUS) values (423,58,246,1);
Insert into TESTUSER1.MASTER (ID,SUPPLIER_ID,PRODUCT_ID,STATUS) values (424,58,67,1);
Insert into TESTUSER1.MASTER (ID,SUPPLIER_ID,PRODUCT_ID,STATUS) values (425,58,564,1);
Insert into TESTUSER1.MASTER (ID,SUPPLIER_ID,PRODUCT_ID,STATUS) values (426,79,190,1);
Insert into TESTUSER1.MASTER (ID,SUPPLIER_ID,PRODUCT_ID,STATUS) values (427,94,553,1);
Insert into TESTUSER1.MASTER (ID,SUPPLIER_ID,PRODUCT_ID,STATUS) values (428,114,403,1);
Insert into TESTUSER1.MASTER (ID,SUPPLIER_ID,PRODUCT_ID,STATUS) values (429,115,202,1);
Insert into TESTUSER1.MASTER (ID,SUPPLIER_ID,PRODUCT_ID,STATUS) values (430,46,192,1);
Insert into TESTUSER1.MASTER (ID,SUPPLIER_ID,PRODUCT_ID,STATUS) values (431,46,544,1);
Insert into TESTUSER1.MASTER (ID,SUPPLIER_ID,PRODUCT_ID,STATUS) values (432,46,213,1);
Insert into TESTUSER1.MASTER (ID,SUPPLIER_ID,PRODUCT_ID,STATUS) values (433,44,206,1);
Insert into TESTUSER1.MASTER (ID,SUPPLIER_ID,PRODUCT_ID,STATUS) values (434,64,262,1);
Insert into TESTUSER1.MASTER (ID,SUPPLIER_ID,PRODUCT_ID,STATUS) values (435,64,265,1);
Insert into TESTUSER1.MASTER (ID,SUPPLIER_ID,PRODUCT_ID,STATUS) values (436,64,513,1);
Insert into TESTUSER1.MASTER (ID,SUPPLIER_ID,PRODUCT_ID,STATUS) values (437,58,473,1);
Insert into TESTUSER1.MASTER (ID,SUPPLIER_ID,PRODUCT_ID,STATUS) values (438,29,416,1);
Insert into TESTUSER1.MASTER (ID,SUPPLIER_ID,PRODUCT_ID,STATUS) values (439,18,357,1);
Insert into TESTUSER1.MASTER (ID,SUPPLIER_ID,PRODUCT_ID,STATUS) values (440,18,178,1);
Insert into TESTUSER1.MASTER (ID,SUPPLIER_ID,PRODUCT_ID,STATUS) values (441,6,58,1);
Insert into TESTUSER1.MASTER (ID,SUPPLIER_ID,PRODUCT_ID,STATUS) values (442,6,160,1);
Insert into TESTUSER1.MASTER (ID,SUPPLIER_ID,PRODUCT_ID,STATUS) values (443,115,254,1);
Insert into TESTUSER1.MASTER (ID,SUPPLIER_ID,PRODUCT_ID,STATUS) values (444,91,325,1);
Insert into TESTUSER1.MASTER (ID,SUPPLIER_ID,PRODUCT_ID,STATUS) values (445,91,258,1);
Insert into TESTUSER1.MASTER (ID,SUPPLIER_ID,PRODUCT_ID,STATUS) values (446,24,534,1);
Insert into TESTUSER1.MASTER (ID,SUPPLIER_ID,PRODUCT_ID,STATUS) values (447,64,56,1);
Insert into TESTUSER1.MASTER (ID,SUPPLIER_ID,PRODUCT_ID,STATUS) values (448,47,49,1);
Insert into TESTUSER1.MASTER (ID,SUPPLIER_ID,PRODUCT_ID,STATUS) values (449,20,230,1);
Insert into TESTUSER1.MASTER (ID,SUPPLIER_ID,PRODUCT_ID,STATUS) values (450,20,180,1);
Insert into TESTUSER1.MASTER (ID,SUPPLIER_ID,PRODUCT_ID,STATUS) values (451,61,235,1);
Insert into TESTUSER1.MASTER (ID,SUPPLIER_ID,PRODUCT_ID,STATUS) values (452,105,271,1);
Insert into TESTUSER1.MASTER (ID,SUPPLIER_ID,PRODUCT_ID,STATUS) values (453,60,342,1);
Insert into TESTUSER1.MASTER (ID,SUPPLIER_ID,PRODUCT_ID,STATUS) values (454,71,227,1);
Insert into TESTUSER1.MASTER (ID,SUPPLIER_ID,PRODUCT_ID,STATUS) values (455,57,379,1);
Insert into TESTUSER1.MASTER (ID,SUPPLIER_ID,PRODUCT_ID,STATUS) values (456,68,144,1);
Insert into TESTUSER1.MASTER (ID,SUPPLIER_ID,PRODUCT_ID,STATUS) values (457,68,501,1);
Insert into TESTUSER1.MASTER (ID,SUPPLIER_ID,PRODUCT_ID,STATUS) values (458,49,237,1);
Insert into TESTUSER1.MASTER (ID,SUPPLIER_ID,PRODUCT_ID,STATUS) values (459,49,65,1);
Insert into TESTUSER1.MASTER (ID,SUPPLIER_ID,PRODUCT_ID,STATUS) values (460,63,435,1);
Insert into TESTUSER1.MASTER (ID,SUPPLIER_ID,PRODUCT_ID,STATUS) values (461,60,349,1);
Insert into TESTUSER1.MASTER (ID,SUPPLIER_ID,PRODUCT_ID,STATUS) values (462,63,512,1);
Insert into TESTUSER1.MASTER (ID,SUPPLIER_ID,PRODUCT_ID,STATUS) values (463,34,329,1);
Insert into TESTUSER1.MASTER (ID,SUPPLIER_ID,PRODUCT_ID,STATUS) values (464,105,52,1);
Insert into TESTUSER1.MASTER (ID,SUPPLIER_ID,PRODUCT_ID,STATUS) values (465,71,119,1);
Insert into TESTUSER1.MASTER (ID,SUPPLIER_ID,PRODUCT_ID,STATUS) values (466,71,23,1);
Insert into TESTUSER1.MASTER (ID,SUPPLIER_ID,PRODUCT_ID,STATUS) values (467,78,308,1);
Insert into TESTUSER1.MASTER (ID,SUPPLIER_ID,PRODUCT_ID,STATUS) values (468,51,111,1);
Insert into TESTUSER1.MASTER (ID,SUPPLIER_ID,PRODUCT_ID,STATUS) values (469,51,307,1);
Insert into TESTUSER1.MASTER (ID,SUPPLIER_ID,PRODUCT_ID,STATUS) values (470,70,350,1);
Insert into TESTUSER1.MASTER (ID,SUPPLIER_ID,PRODUCT_ID,STATUS) values (471,61,422,1);
Insert into TESTUSER1.MASTER (ID,SUPPLIER_ID,PRODUCT_ID,STATUS) values (472,61,51,1);
Insert into TESTUSER1.MASTER (ID,SUPPLIER_ID,PRODUCT_ID,STATUS) values (473,61,63,1);
Insert into TESTUSER1.MASTER (ID,SUPPLIER_ID,PRODUCT_ID,STATUS) values (474,61,228,1);
Insert into TESTUSER1.MASTER (ID,SUPPLIER_ID,PRODUCT_ID,STATUS) values (475,65,430,1);
Insert into TESTUSER1.MASTER (ID,SUPPLIER_ID,PRODUCT_ID,STATUS) values (476,65,2,1);
Insert into TESTUSER1.MASTER (ID,SUPPLIER_ID,PRODUCT_ID,STATUS) values (477,65,130,1);
Insert into TESTUSER1.MASTER (ID,SUPPLIER_ID,PRODUCT_ID,STATUS) values (478,34,78,1);
Insert into TESTUSER1.MASTER (ID,SUPPLIER_ID,PRODUCT_ID,STATUS) values (479,61,7,1);
Insert into TESTUSER1.MASTER (ID,SUPPLIER_ID,PRODUCT_ID,STATUS) values (480,59,25,1);
Insert into TESTUSER1.MASTER (ID,SUPPLIER_ID,PRODUCT_ID,STATUS) values (481,59,178,1);
Insert into TESTUSER1.MASTER (ID,SUPPLIER_ID,PRODUCT_ID,STATUS) values (482,59,582,1);
Insert into TESTUSER1.MASTER (ID,SUPPLIER_ID,PRODUCT_ID,STATUS) values (483,59,381,1);
Insert into TESTUSER1.MASTER (ID,SUPPLIER_ID,PRODUCT_ID,STATUS) values (484,60,465,1);
Insert into TESTUSER1.MASTER (ID,SUPPLIER_ID,PRODUCT_ID,STATUS) values (485,60,380,1);
Insert into TESTUSER1.MASTER (ID,SUPPLIER_ID,PRODUCT_ID,STATUS) values (486,78,235,1);
Insert into TESTUSER1.MASTER (ID,SUPPLIER_ID,PRODUCT_ID,STATUS) values (487,78,248,1);
Insert into TESTUSER1.MASTER (ID,SUPPLIER_ID,PRODUCT_ID,STATUS) values (488,49,364,1);
Insert into TESTUSER1.MASTER (ID,SUPPLIER_ID,PRODUCT_ID,STATUS) values (489,49,173,1);
Insert into TESTUSER1.MASTER (ID,SUPPLIER_ID,PRODUCT_ID,STATUS) values (490,39,573,1);
Insert into TESTUSER1.MASTER (ID,SUPPLIER_ID,PRODUCT_ID,STATUS) values (491,49,593,1);
Insert into TESTUSER1.MASTER (ID,SUPPLIER_ID,PRODUCT_ID,STATUS) values (492,60,262,1);
Insert into TESTUSER1.MASTER (ID,SUPPLIER_ID,PRODUCT_ID,STATUS) values (493,60,500,1);
Insert into TESTUSER1.MASTER (ID,SUPPLIER_ID,PRODUCT_ID,STATUS) values (494,51,547,1);
Insert into TESTUSER1.MASTER (ID,SUPPLIER_ID,PRODUCT_ID,STATUS) values (495,78,549,1);
Insert into TESTUSER1.MASTER (ID,SUPPLIER_ID,PRODUCT_ID,STATUS) values (496,78,556,1);
Insert into TESTUSER1.MASTER (ID,SUPPLIER_ID,PRODUCT_ID,STATUS) values (497,98,348,1);
Insert into TESTUSER1.MASTER (ID,SUPPLIER_ID,PRODUCT_ID,STATUS) values (498,78,568,1);
Insert into TESTUSER1.MASTER (ID,SUPPLIER_ID,PRODUCT_ID,STATUS) values (499,59,447,1);
Insert into TESTUSER1.MASTER (ID,SUPPLIER_ID,PRODUCT_ID,STATUS) values (500,59,261,1);
Insert into TESTUSER1.MASTER (ID,SUPPLIER_ID,PRODUCT_ID,STATUS) values (501,78,526,1);
Insert into TESTUSER1.MASTER (ID,SUPPLIER_ID,PRODUCT_ID,STATUS) values (502,78,357,1);
Insert into TESTUSER1.MASTER (ID,SUPPLIER_ID,PRODUCT_ID,STATUS) values (503,59,299,1);
Insert into TESTUSER1.MASTER (ID,SUPPLIER_ID,PRODUCT_ID,STATUS) values (504,59,378,1);
Insert into TESTUSER1.MASTER (ID,SUPPLIER_ID,PRODUCT_ID,STATUS) values (505,68,592,1);
Insert into TESTUSER1.MASTER (ID,SUPPLIER_ID,PRODUCT_ID,STATUS) values (506,78,488,1);
Insert into TESTUSER1.MASTER (ID,SUPPLIER_ID,PRODUCT_ID,STATUS) values (507,51,524,1);
Insert into TESTUSER1.MASTER (ID,SUPPLIER_ID,PRODUCT_ID,STATUS) values (508,35,176,1);
Insert into TESTUSER1.MASTER (ID,SUPPLIER_ID,PRODUCT_ID,STATUS) values (509,35,412,1);
Insert into TESTUSER1.MASTER (ID,SUPPLIER_ID,PRODUCT_ID,STATUS) values (510,52,576,1);
Insert into TESTUSER1.MASTER (ID,SUPPLIER_ID,PRODUCT_ID,STATUS) values (511,68,502,1);
Insert into TESTUSER1.MASTER (ID,SUPPLIER_ID,PRODUCT_ID,STATUS) values (512,68,454,1);
Insert into TESTUSER1.MASTER (ID,SUPPLIER_ID,PRODUCT_ID,STATUS) values (513,61,281,1);
Insert into TESTUSER1.MASTER (ID,SUPPLIER_ID,PRODUCT_ID,STATUS) values (514,61,155,1);
Insert into TESTUSER1.MASTER (ID,SUPPLIER_ID,PRODUCT_ID,STATUS) values (515,68,341,1);
Insert into TESTUSER1.MASTER (ID,SUPPLIER_ID,PRODUCT_ID,STATUS) values (516,68,507,1);
Insert into TESTUSER1.MASTER (ID,SUPPLIER_ID,PRODUCT_ID,STATUS) values (517,53,108,1);
Insert into TESTUSER1.MASTER (ID,SUPPLIER_ID,PRODUCT_ID,STATUS) values (518,53,113,1);
Insert into TESTUSER1.MASTER (ID,SUPPLIER_ID,PRODUCT_ID,STATUS) values (519,68,203,1);
Insert into TESTUSER1.MASTER (ID,SUPPLIER_ID,PRODUCT_ID,STATUS) values (520,68,285,1);
Insert into TESTUSER1.MASTER (ID,SUPPLIER_ID,PRODUCT_ID,STATUS) values (521,51,93,1);
Insert into TESTUSER1.MASTER (ID,SUPPLIER_ID,PRODUCT_ID,STATUS) values (522,78,427,1);
Insert into TESTUSER1.MASTER (ID,SUPPLIER_ID,PRODUCT_ID,STATUS) values (523,39,141,1);
Insert into TESTUSER1.MASTER (ID,SUPPLIER_ID,PRODUCT_ID,STATUS) values (524,53,547,1);
Insert into TESTUSER1.MASTER (ID,SUPPLIER_ID,PRODUCT_ID,STATUS) values (525,49,453,1);
Insert into TESTUSER1.MASTER (ID,SUPPLIER_ID,PRODUCT_ID,STATUS) values (526,68,278,1);
Insert into TESTUSER1.MASTER (ID,SUPPLIER_ID,PRODUCT_ID,STATUS) values (527,52,523,1);
Insert into TESTUSER1.MASTER (ID,SUPPLIER_ID,PRODUCT_ID,STATUS) values (528,68,236,1);
Insert into TESTUSER1.MASTER (ID,SUPPLIER_ID,PRODUCT_ID,STATUS) values (529,68,158,1);
Insert into TESTUSER1.MASTER (ID,SUPPLIER_ID,PRODUCT_ID,STATUS) values (530,57,440,1);
Insert into TESTUSER1.MASTER (ID,SUPPLIER_ID,PRODUCT_ID,STATUS) values (531,78,275,1);
Insert into TESTUSER1.MASTER (ID,SUPPLIER_ID,PRODUCT_ID,STATUS) values (532,78,441,1);
Insert into TESTUSER1.MASTER (ID,SUPPLIER_ID,PRODUCT_ID,STATUS) values (533,78,291,1);
Insert into TESTUSER1.MASTER (ID,SUPPLIER_ID,PRODUCT_ID,STATUS) values (534,59,188,1);
Insert into TESTUSER1.MASTER (ID,SUPPLIER_ID,PRODUCT_ID,STATUS) values (535,28,18,1);
Insert into TESTUSER1.MASTER (ID,SUPPLIER_ID,PRODUCT_ID,STATUS) values (536,28,14,1);
Insert into TESTUSER1.MASTER (ID,SUPPLIER_ID,PRODUCT_ID,STATUS) values (537,61,530,1);
Insert into TESTUSER1.MASTER (ID,SUPPLIER_ID,PRODUCT_ID,STATUS) values (538,49,309,1);
Insert into TESTUSER1.MASTER (ID,SUPPLIER_ID,PRODUCT_ID,STATUS) values (539,65,312,1);
Insert into TESTUSER1.MASTER (ID,SUPPLIER_ID,PRODUCT_ID,STATUS) values (540,65,461,1);
Insert into TESTUSER1.MASTER (ID,SUPPLIER_ID,PRODUCT_ID,STATUS) values (541,52,434,1);
Insert into TESTUSER1.MASTER (ID,SUPPLIER_ID,PRODUCT_ID,STATUS) values (542,52,129,1);
Insert into TESTUSER1.MASTER (ID,SUPPLIER_ID,PRODUCT_ID,STATUS) values (543,59,474,1);
Insert into TESTUSER1.MASTER (ID,SUPPLIER_ID,PRODUCT_ID,STATUS) values (544,59,12,1);
Insert into TESTUSER1.MASTER (ID,SUPPLIER_ID,PRODUCT_ID,STATUS) values (545,61,338,1);
Insert into TESTUSER1.MASTER (ID,SUPPLIER_ID,PRODUCT_ID,STATUS) values (546,99,103,1);
Insert into TESTUSER1.MASTER (ID,SUPPLIER_ID,PRODUCT_ID,STATUS) values (547,63,52,1);
Insert into TESTUSER1.MASTER (ID,SUPPLIER_ID,PRODUCT_ID,STATUS) values (548,65,224,1);
Insert into TESTUSER1.MASTER (ID,SUPPLIER_ID,PRODUCT_ID,STATUS) values (549,65,129,1);
Insert into TESTUSER1.MASTER (ID,SUPPLIER_ID,PRODUCT_ID,STATUS) values (550,34,41,1);
Insert into TESTUSER1.MASTER (ID,SUPPLIER_ID,PRODUCT_ID,STATUS) values (551,28,514,1);
Insert into TESTUSER1.MASTER (ID,SUPPLIER_ID,PRODUCT_ID,STATUS) values (552,28,371,1);
Insert into TESTUSER1.MASTER (ID,SUPPLIER_ID,PRODUCT_ID,STATUS) values (553,49,415,1);
Insert into TESTUSER1.MASTER (ID,SUPPLIER_ID,PRODUCT_ID,STATUS) values (554,49,125,1);
Insert into TESTUSER1.MASTER (ID,SUPPLIER_ID,PRODUCT_ID,STATUS) values (555,49,371,1);
Insert into TESTUSER1.MASTER (ID,SUPPLIER_ID,PRODUCT_ID,STATUS) values (556,49,138,1);
Insert into TESTUSER1.MASTER (ID,SUPPLIER_ID,PRODUCT_ID,STATUS) values (557,78,513,1);
Insert into TESTUSER1.MASTER (ID,SUPPLIER_ID,PRODUCT_ID,STATUS) values (558,34,321,1);
Insert into TESTUSER1.MASTER (ID,SUPPLIER_ID,PRODUCT_ID,STATUS) values (559,34,155,1);
Insert into TESTUSER1.MASTER (ID,SUPPLIER_ID,PRODUCT_ID,STATUS) values (560,34,440,1);
Insert into TESTUSER1.MASTER (ID,SUPPLIER_ID,PRODUCT_ID,STATUS) values (561,51,454,1);
Insert into TESTUSER1.MASTER (ID,SUPPLIER_ID,PRODUCT_ID,STATUS) values (562,34,208,1);
Insert into TESTUSER1.MASTER (ID,SUPPLIER_ID,PRODUCT_ID,STATUS) values (563,59,1,1);
Insert into TESTUSER1.MASTER (ID,SUPPLIER_ID,PRODUCT_ID,STATUS) values (564,61,109,1);
Insert into TESTUSER1.MASTER (ID,SUPPLIER_ID,PRODUCT_ID,STATUS) values (565,99,579,1);
Insert into TESTUSER1.MASTER (ID,SUPPLIER_ID,PRODUCT_ID,STATUS) values (566,28,449,1);
Insert into TESTUSER1.MASTER (ID,SUPPLIER_ID,PRODUCT_ID,STATUS) values (567,71,137,1);
Insert into TESTUSER1.MASTER (ID,SUPPLIER_ID,PRODUCT_ID,STATUS) values (568,39,3,1);
Insert into TESTUSER1.MASTER (ID,SUPPLIER_ID,PRODUCT_ID,STATUS) values (569,39,156,1);
Insert into TESTUSER1.MASTER (ID,SUPPLIER_ID,PRODUCT_ID,STATUS) values (570,39,419,1);
Insert into TESTUSER1.MASTER (ID,SUPPLIER_ID,PRODUCT_ID,STATUS) values (571,28,20,1);
Insert into TESTUSER1.MASTER (ID,SUPPLIER_ID,PRODUCT_ID,STATUS) values (572,28,343,1);
Insert into TESTUSER1.MASTER (ID,SUPPLIER_ID,PRODUCT_ID,STATUS) values (573,28,585,1);
Insert into TESTUSER1.MASTER (ID,SUPPLIER_ID,PRODUCT_ID,STATUS) values (574,57,343,1);
Insert into TESTUSER1.MASTER (ID,SUPPLIER_ID,PRODUCT_ID,STATUS) values (575,68,124,1);
Insert into TESTUSER1.MASTER (ID,SUPPLIER_ID,PRODUCT_ID,STATUS) values (576,60,11,1);
Insert into TESTUSER1.MASTER (ID,SUPPLIER_ID,PRODUCT_ID,STATUS) values (577,65,79,1);
Insert into TESTUSER1.MASTER (ID,SUPPLIER_ID,PRODUCT_ID,STATUS) values (578,68,300,1);
Insert into TESTUSER1.MASTER (ID,SUPPLIER_ID,PRODUCT_ID,STATUS) values (579,49,140,1);
Insert into TESTUSER1.MASTER (ID,SUPPLIER_ID,PRODUCT_ID,STATUS) values (580,49,560,1);
Insert into TESTUSER1.MASTER (ID,SUPPLIER_ID,PRODUCT_ID,STATUS) values (581,61,236,1);
Insert into TESTUSER1.MASTER (ID,SUPPLIER_ID,PRODUCT_ID,STATUS) values (582,61,152,1);
Insert into TESTUSER1.MASTER (ID,SUPPLIER_ID,PRODUCT_ID,STATUS) values (583,75,474,1);
Insert into TESTUSER1.MASTER (ID,SUPPLIER_ID,PRODUCT_ID,STATUS) values (584,71,244,1);
Insert into TESTUSER1.MASTER (ID,SUPPLIER_ID,PRODUCT_ID,STATUS) values (585,71,329,1);
Insert into TESTUSER1.MASTER (ID,SUPPLIER_ID,PRODUCT_ID,STATUS) values (586,71,420,1);
Insert into TESTUSER1.MASTER (ID,SUPPLIER_ID,PRODUCT_ID,STATUS) values (587,78,247,1);
Insert into TESTUSER1.MASTER (ID,SUPPLIER_ID,PRODUCT_ID,STATUS) values (588,78,394,1);
Insert into TESTUSER1.MASTER (ID,SUPPLIER_ID,PRODUCT_ID,STATUS) values (589,61,559,1);
Insert into TESTUSER1.MASTER (ID,SUPPLIER_ID,PRODUCT_ID,STATUS) values (590,99,258,1);
Insert into TESTUSER1.MASTER (ID,SUPPLIER_ID,PRODUCT_ID,STATUS) values (591,99,148,1);
Insert into TESTUSER1.MASTER (ID,SUPPLIER_ID,PRODUCT_ID,STATUS) values (592,99,490,1);
Insert into TESTUSER1.MASTER (ID,SUPPLIER_ID,PRODUCT_ID,STATUS) values (593,57,88,1);
Insert into TESTUSER1.MASTER (ID,SUPPLIER_ID,PRODUCT_ID,STATUS) values (594,57,362,1);
Insert into TESTUSER1.MASTER (ID,SUPPLIER_ID,PRODUCT_ID,STATUS) values (595,98,240,1);
Insert into TESTUSER1.MASTER (ID,SUPPLIER_ID,PRODUCT_ID,STATUS) values (596,86,241,1);
Insert into TESTUSER1.MASTER (ID,SUPPLIER_ID,PRODUCT_ID,STATUS) values (597,86,456,1);
Insert into TESTUSER1.MASTER (ID,SUPPLIER_ID,PRODUCT_ID,STATUS) values (598,52,293,1);
Insert into TESTUSER1.MASTER (ID,SUPPLIER_ID,PRODUCT_ID,STATUS) values (599,28,207,1);
Insert into TESTUSER1.MASTER (ID,SUPPLIER_ID,PRODUCT_ID,STATUS) values (600,49,512,1);
Insert into TESTUSER1.MASTER (ID,SUPPLIER_ID,PRODUCT_ID,STATUS) values (601,49,460,1);
Insert into TESTUSER1.MASTER (ID,SUPPLIER_ID,PRODUCT_ID,STATUS) values (602,59,96,1);
Insert into TESTUSER1.MASTER (ID,SUPPLIER_ID,PRODUCT_ID,STATUS) values (603,39,554,1);
Insert into TESTUSER1.MASTER (ID,SUPPLIER_ID,PRODUCT_ID,STATUS) values (604,75,189,1);
Insert into TESTUSER1.MASTER (ID,SUPPLIER_ID,PRODUCT_ID,STATUS) values (605,75,160,1);
Insert into TESTUSER1.MASTER (ID,SUPPLIER_ID,PRODUCT_ID,STATUS) values (606,28,167,1);
Insert into TESTUSER1.MASTER (ID,SUPPLIER_ID,PRODUCT_ID,STATUS) values (607,28,34,1);
Insert into TESTUSER1.MASTER (ID,SUPPLIER_ID,PRODUCT_ID,STATUS) values (608,28,115,1);
Insert into TESTUSER1.MASTER (ID,SUPPLIER_ID,PRODUCT_ID,STATUS) values (609,35,46,1);
Insert into TESTUSER1.MASTER (ID,SUPPLIER_ID,PRODUCT_ID,STATUS) values (610,99,76,1);
Insert into TESTUSER1.MASTER (ID,SUPPLIER_ID,PRODUCT_ID,STATUS) values (611,65,147,1);
Insert into TESTUSER1.MASTER (ID,SUPPLIER_ID,PRODUCT_ID,STATUS) values (612,65,489,1);
Insert into TESTUSER1.MASTER (ID,SUPPLIER_ID,PRODUCT_ID,STATUS) values (613,65,305,1);
Insert into TESTUSER1.MASTER (ID,SUPPLIER_ID,PRODUCT_ID,STATUS) values (614,59,105,1);
Insert into TESTUSER1.MASTER (ID,SUPPLIER_ID,PRODUCT_ID,STATUS) values (615,49,9,1);
Insert into TESTUSER1.MASTER (ID,SUPPLIER_ID,PRODUCT_ID,STATUS) values (616,97,248,1);
Insert into TESTUSER1.MASTER (ID,SUPPLIER_ID,PRODUCT_ID,STATUS) values (617,97,197,1);
Insert into TESTUSER1.MASTER (ID,SUPPLIER_ID,PRODUCT_ID,STATUS) values (618,97,472,1);
Insert into TESTUSER1.MASTER (ID,SUPPLIER_ID,PRODUCT_ID,STATUS) values (619,51,395,1);
Insert into TESTUSER1.MASTER (ID,SUPPLIER_ID,PRODUCT_ID,STATUS) values (620,60,292,1);
Insert into TESTUSER1.MASTER (ID,SUPPLIER_ID,PRODUCT_ID,STATUS) values (621,60,13,1);
Insert into TESTUSER1.MASTER (ID,SUPPLIER_ID,PRODUCT_ID,STATUS) values (622,60,334,1);
Insert into TESTUSER1.MASTER (ID,SUPPLIER_ID,PRODUCT_ID,STATUS) values (623,35,401,1);
Insert into TESTUSER1.MASTER (ID,SUPPLIER_ID,PRODUCT_ID,STATUS) values (624,59,524,1);
Insert into TESTUSER1.MASTER (ID,SUPPLIER_ID,PRODUCT_ID,STATUS) values (625,59,115,1);
Insert into TESTUSER1.MASTER (ID,SUPPLIER_ID,PRODUCT_ID,STATUS) values (626,59,488,1);
Insert into TESTUSER1.MASTER (ID,SUPPLIER_ID,PRODUCT_ID,STATUS) values (627,59,540,1);
Insert into TESTUSER1.MASTER (ID,SUPPLIER_ID,PRODUCT_ID,STATUS) values (628,59,87,1);
Insert into TESTUSER1.MASTER (ID,SUPPLIER_ID,PRODUCT_ID,STATUS) values (629,28,27,1);
Insert into TESTUSER1.MASTER (ID,SUPPLIER_ID,PRODUCT_ID,STATUS) values (630,28,175,1);
Insert into TESTUSER1.MASTER (ID,SUPPLIER_ID,PRODUCT_ID,STATUS) values (631,59,91,1);
Insert into TESTUSER1.MASTER (ID,SUPPLIER_ID,PRODUCT_ID,STATUS) values (632,59,208,1);
Insert into TESTUSER1.MASTER (ID,SUPPLIER_ID,PRODUCT_ID,STATUS) values (633,34,277,1);
Insert into TESTUSER1.MASTER (ID,SUPPLIER_ID,PRODUCT_ID,STATUS) values (634,78,102,1);
Insert into TESTUSER1.MASTER (ID,SUPPLIER_ID,PRODUCT_ID,STATUS) values (635,78,262,1);
Insert into TESTUSER1.MASTER (ID,SUPPLIER_ID,PRODUCT_ID,STATUS) values (636,78,457,1);
Insert into TESTUSER1.MASTER (ID,SUPPLIER_ID,PRODUCT_ID,STATUS) values (637,78,229,1);
Insert into TESTUSER1.MASTER (ID,SUPPLIER_ID,PRODUCT_ID,STATUS) values (638,78,344,1);
Insert into TESTUSER1.MASTER (ID,SUPPLIER_ID,PRODUCT_ID,STATUS) values (639,78,455,1);
Insert into TESTUSER1.MASTER (ID,SUPPLIER_ID,PRODUCT_ID,STATUS) values (640,78,517,1);
Insert into TESTUSER1.MASTER (ID,SUPPLIER_ID,PRODUCT_ID,STATUS) values (641,60,227,1);
Insert into TESTUSER1.MASTER (ID,SUPPLIER_ID,PRODUCT_ID,STATUS) values (642,21,201,1);
Insert into TESTUSER1.MASTER (ID,SUPPLIER_ID,PRODUCT_ID,STATUS) values (643,21,133,1);
Insert into TESTUSER1.MASTER (ID,SUPPLIER_ID,PRODUCT_ID,STATUS) values (644,60,455,1);
Insert into TESTUSER1.MASTER (ID,SUPPLIER_ID,PRODUCT_ID,STATUS) values (645,60,496,1);
Insert into TESTUSER1.MASTER (ID,SUPPLIER_ID,PRODUCT_ID,STATUS) values (646,75,498,1);
Insert into TESTUSER1.MASTER (ID,SUPPLIER_ID,PRODUCT_ID,STATUS) values (647,28,393,1);
Insert into TESTUSER1.MASTER (ID,SUPPLIER_ID,PRODUCT_ID,STATUS) values (648,71,140,1);
Insert into TESTUSER1.MASTER (ID,SUPPLIER_ID,PRODUCT_ID,STATUS) values (649,61,564,1);
Insert into TESTUSER1.MASTER (ID,SUPPLIER_ID,PRODUCT_ID,STATUS) values (650,61,113,1);
Insert into TESTUSER1.MASTER (ID,SUPPLIER_ID,PRODUCT_ID,STATUS) values (651,28,566,1);
Insert into TESTUSER1.MASTER (ID,SUPPLIER_ID,PRODUCT_ID,STATUS) values (652,65,280,1);
Insert into TESTUSER1.MASTER (ID,SUPPLIER_ID,PRODUCT_ID,STATUS) values (653,65,267,1);
Insert into TESTUSER1.MASTER (ID,SUPPLIER_ID,PRODUCT_ID,STATUS) values (654,86,244,1);
Insert into TESTUSER1.MASTER (ID,SUPPLIER_ID,PRODUCT_ID,STATUS) values (655,60,29,1);
Insert into TESTUSER1.MASTER (ID,SUPPLIER_ID,PRODUCT_ID,STATUS) values (656,49,450,1);
Insert into TESTUSER1.MASTER (ID,SUPPLIER_ID,PRODUCT_ID,STATUS) values (657,86,253,1);
Insert into TESTUSER1.MASTER (ID,SUPPLIER_ID,PRODUCT_ID,STATUS) values (658,61,290,1);
Insert into TESTUSER1.MASTER (ID,SUPPLIER_ID,PRODUCT_ID,STATUS) values (659,34,93,1);
Insert into TESTUSER1.MASTER (ID,SUPPLIER_ID,PRODUCT_ID,STATUS) values (660,63,503,1);
Insert into TESTUSER1.MASTER (ID,SUPPLIER_ID,PRODUCT_ID,STATUS) values (661,63,574,1);
Insert into TESTUSER1.MASTER (ID,SUPPLIER_ID,PRODUCT_ID,STATUS) values (662,68,252,1);
Insert into TESTUSER1.MASTER (ID,SUPPLIER_ID,PRODUCT_ID,STATUS) values (663,68,121,1);
Insert into TESTUSER1.MASTER (ID,SUPPLIER_ID,PRODUCT_ID,STATUS) values (664,68,385,1);
Insert into TESTUSER1.MASTER (ID,SUPPLIER_ID,PRODUCT_ID,STATUS) values (665,57,364,1);
Insert into TESTUSER1.MASTER (ID,SUPPLIER_ID,PRODUCT_ID,STATUS) values (666,57,457,1);
Insert into TESTUSER1.MASTER (ID,SUPPLIER_ID,PRODUCT_ID,STATUS) values (667,75,578,1);
Insert into TESTUSER1.MASTER (ID,SUPPLIER_ID,PRODUCT_ID,STATUS) values (668,80,162,1);
Insert into TESTUSER1.MASTER (ID,SUPPLIER_ID,PRODUCT_ID,STATUS) values (669,108,225,1);
Insert into TESTUSER1.MASTER (ID,SUPPLIER_ID,PRODUCT_ID,STATUS) values (670,89,398,1);
Insert into TESTUSER1.MASTER (ID,SUPPLIER_ID,PRODUCT_ID,STATUS) values (671,89,269,1);
Insert into TESTUSER1.MASTER (ID,SUPPLIER_ID,PRODUCT_ID,STATUS) values (672,89,357,1);
Insert into TESTUSER1.MASTER (ID,SUPPLIER_ID,PRODUCT_ID,STATUS) values (673,81,528,1);
Insert into TESTUSER1.MASTER (ID,SUPPLIER_ID,PRODUCT_ID,STATUS) values (674,104,392,1);
Insert into TESTUSER1.MASTER (ID,SUPPLIER_ID,PRODUCT_ID,STATUS) values (675,104,22,1);
Insert into TESTUSER1.MASTER (ID,SUPPLIER_ID,PRODUCT_ID,STATUS) values (676,104,18,1);
Insert into TESTUSER1.MASTER (ID,SUPPLIER_ID,PRODUCT_ID,STATUS) values (677,104,56,1);
Insert into TESTUSER1.MASTER (ID,SUPPLIER_ID,PRODUCT_ID,STATUS) values (678,104,213,1);
Insert into TESTUSER1.MASTER (ID,SUPPLIER_ID,PRODUCT_ID,STATUS) values (679,33,323,1);
Insert into TESTUSER1.MASTER (ID,SUPPLIER_ID,PRODUCT_ID,STATUS) values (680,33,191,1);
Insert into TESTUSER1.MASTER (ID,SUPPLIER_ID,PRODUCT_ID,STATUS) values (681,89,327,1);
Insert into TESTUSER1.MASTER (ID,SUPPLIER_ID,PRODUCT_ID,STATUS) values (682,108,454,1);
Insert into TESTUSER1.MASTER (ID,SUPPLIER_ID,PRODUCT_ID,STATUS) values (683,89,452,1);
Insert into TESTUSER1.MASTER (ID,SUPPLIER_ID,PRODUCT_ID,STATUS) values (684,81,491,1);
Insert into TESTUSER1.MASTER (ID,SUPPLIER_ID,PRODUCT_ID,STATUS) values (685,81,114,1);
Insert into TESTUSER1.MASTER (ID,SUPPLIER_ID,PRODUCT_ID,STATUS) values (686,104,529,1);
Insert into TESTUSER1.MASTER (ID,SUPPLIER_ID,PRODUCT_ID,STATUS) values (687,84,18,1);
Insert into TESTUSER1.MASTER (ID,SUPPLIER_ID,PRODUCT_ID,STATUS) values (688,84,63,1);
Insert into TESTUSER1.MASTER (ID,SUPPLIER_ID,PRODUCT_ID,STATUS) values (689,83,389,1);
Insert into TESTUSER1.MASTER (ID,SUPPLIER_ID,PRODUCT_ID,STATUS) values (690,56,384,1);
Insert into TESTUSER1.MASTER (ID,SUPPLIER_ID,PRODUCT_ID,STATUS) values (691,33,322,1);
Insert into TESTUSER1.MASTER (ID,SUPPLIER_ID,PRODUCT_ID,STATUS) values (692,89,418,1);
Insert into TESTUSER1.MASTER (ID,SUPPLIER_ID,PRODUCT_ID,STATUS) values (693,107,16,1);
Insert into TESTUSER1.MASTER (ID,SUPPLIER_ID,PRODUCT_ID,STATUS) values (694,83,315,1);
Insert into TESTUSER1.MASTER (ID,SUPPLIER_ID,PRODUCT_ID,STATUS) values (695,33,439,1);
Insert into TESTUSER1.MASTER (ID,SUPPLIER_ID,PRODUCT_ID,STATUS) values (696,83,541,1);
Insert into TESTUSER1.MASTER (ID,SUPPLIER_ID,PRODUCT_ID,STATUS) values (697,83,320,1);
Insert into TESTUSER1.MASTER (ID,SUPPLIER_ID,PRODUCT_ID,STATUS) values (698,104,85,1);
Insert into TESTUSER1.MASTER (ID,SUPPLIER_ID,PRODUCT_ID,STATUS) values (699,81,266,1);
Insert into TESTUSER1.MASTER (ID,SUPPLIER_ID,PRODUCT_ID,STATUS) values (700,81,120,1);
Insert into TESTUSER1.MASTER (ID,SUPPLIER_ID,PRODUCT_ID,STATUS) values (701,33,84,1);
Insert into TESTUSER1.MASTER (ID,SUPPLIER_ID,PRODUCT_ID,STATUS) values (702,88,268,1);
Insert into TESTUSER1.MASTER (ID,SUPPLIER_ID,PRODUCT_ID,STATUS) values (703,81,525,1);
Insert into TESTUSER1.MASTER (ID,SUPPLIER_ID,PRODUCT_ID,STATUS) values (704,81,166,1);
Insert into TESTUSER1.MASTER (ID,SUPPLIER_ID,PRODUCT_ID,STATUS) values (705,56,169,1);
Insert into TESTUSER1.MASTER (ID,SUPPLIER_ID,PRODUCT_ID,STATUS) values (706,56,391,1);
Insert into TESTUSER1.MASTER (ID,SUPPLIER_ID,PRODUCT_ID,STATUS) values (707,56,530,1);
Insert into TESTUSER1.MASTER (ID,SUPPLIER_ID,PRODUCT_ID,STATUS) values (708,104,512,1);
Insert into TESTUSER1.MASTER (ID,SUPPLIER_ID,PRODUCT_ID,STATUS) values (709,56,375,1);
Insert into TESTUSER1.MASTER (ID,SUPPLIER_ID,PRODUCT_ID,STATUS) values (710,56,181,1);
Insert into TESTUSER1.MASTER (ID,SUPPLIER_ID,PRODUCT_ID,STATUS) values (711,90,74,1);
Insert into TESTUSER1.MASTER (ID,SUPPLIER_ID,PRODUCT_ID,STATUS) values (712,107,179,1);
Insert into TESTUSER1.MASTER (ID,SUPPLIER_ID,PRODUCT_ID,STATUS) values (713,104,351,1);
Insert into TESTUSER1.MASTER (ID,SUPPLIER_ID,PRODUCT_ID,STATUS) values (714,81,373,1);
Insert into TESTUSER1.MASTER (ID,SUPPLIER_ID,PRODUCT_ID,STATUS) values (715,81,331,1);
Insert into TESTUSER1.MASTER (ID,SUPPLIER_ID,PRODUCT_ID,STATUS) values (716,81,572,1);
Insert into TESTUSER1.MASTER (ID,SUPPLIER_ID,PRODUCT_ID,STATUS) values (717,110,80,1);
Insert into TESTUSER1.MASTER (ID,SUPPLIER_ID,PRODUCT_ID,STATUS) values (718,110,121,1);
Insert into TESTUSER1.MASTER (ID,SUPPLIER_ID,PRODUCT_ID,STATUS) values (719,110,561,1);
Insert into TESTUSER1.MASTER (ID,SUPPLIER_ID,PRODUCT_ID,STATUS) values (720,56,385,1);
Insert into TESTUSER1.MASTER (ID,SUPPLIER_ID,PRODUCT_ID,STATUS) values (721,87,140,1);
Insert into TESTUSER1.MASTER (ID,SUPPLIER_ID,PRODUCT_ID,STATUS) values (722,81,415,1);
Insert into TESTUSER1.MASTER (ID,SUPPLIER_ID,PRODUCT_ID,STATUS) values (723,104,184,1);
Insert into TESTUSER1.MASTER (ID,SUPPLIER_ID,PRODUCT_ID,STATUS) values (724,108,400,1);
Insert into TESTUSER1.MASTER (ID,SUPPLIER_ID,PRODUCT_ID,STATUS) values (725,81,520,1);
Insert into TESTUSER1.MASTER (ID,SUPPLIER_ID,PRODUCT_ID,STATUS) values (726,81,522,1);
Insert into TESTUSER1.MASTER (ID,SUPPLIER_ID,PRODUCT_ID,STATUS) values (727,81,214,1);
Insert into TESTUSER1.MASTER (ID,SUPPLIER_ID,PRODUCT_ID,STATUS) values (728,81,310,1);
Insert into TESTUSER1.MASTER (ID,SUPPLIER_ID,PRODUCT_ID,STATUS) values (729,81,449,1);
Insert into TESTUSER1.MASTER (ID,SUPPLIER_ID,PRODUCT_ID,STATUS) values (730,81,493,1);
Insert into TESTUSER1.MASTER (ID,SUPPLIER_ID,PRODUCT_ID,STATUS) values (731,87,148,1);
Insert into TESTUSER1.MASTER (ID,SUPPLIER_ID,PRODUCT_ID,STATUS) values (732,33,19,1);
Insert into TESTUSER1.MASTER (ID,SUPPLIER_ID,PRODUCT_ID,STATUS) values (733,33,536,1);
Insert into TESTUSER1.MASTER (ID,SUPPLIER_ID,PRODUCT_ID,STATUS) values (734,84,585,1);
Insert into TESTUSER1.MASTER (ID,SUPPLIER_ID,PRODUCT_ID,STATUS) values (735,110,143,1);
Insert into TESTUSER1.MASTER (ID,SUPPLIER_ID,PRODUCT_ID,STATUS) values (736,108,514,1);
Insert into TESTUSER1.MASTER (ID,SUPPLIER_ID,PRODUCT_ID,STATUS) values (737,108,210,1);
Insert into TESTUSER1.MASTER (ID,SUPPLIER_ID,PRODUCT_ID,STATUS) values (738,80,94,1);
Insert into TESTUSER1.MASTER (ID,SUPPLIER_ID,PRODUCT_ID,STATUS) values (739,108,204,1);
Insert into TESTUSER1.MASTER (ID,SUPPLIER_ID,PRODUCT_ID,STATUS) values (740,108,460,1);
Insert into TESTUSER1.MASTER (ID,SUPPLIER_ID,PRODUCT_ID,STATUS) values (741,11,185,1);
Insert into TESTUSER1.MASTER (ID,SUPPLIER_ID,PRODUCT_ID,STATUS) values (742,11,579,1);
Insert into TESTUSER1.MASTER (ID,SUPPLIER_ID,PRODUCT_ID,STATUS) values (743,83,297,1);
Insert into TESTUSER1.MASTER (ID,SUPPLIER_ID,PRODUCT_ID,STATUS) values (744,83,577,1);
Insert into TESTUSER1.MASTER (ID,SUPPLIER_ID,PRODUCT_ID,STATUS) values (745,88,288,1);
Insert into TESTUSER1.MASTER (ID,SUPPLIER_ID,PRODUCT_ID,STATUS) values (746,108,481,1);
Insert into TESTUSER1.MASTER (ID,SUPPLIER_ID,PRODUCT_ID,STATUS) values (747,107,212,1);
Insert into TESTUSER1.MASTER (ID,SUPPLIER_ID,PRODUCT_ID,STATUS) values (748,107,505,1);
Insert into TESTUSER1.MASTER (ID,SUPPLIER_ID,PRODUCT_ID,STATUS) values (749,87,232,1);
Insert into TESTUSER1.MASTER (ID,SUPPLIER_ID,PRODUCT_ID,STATUS) values (750,11,443,1);
Insert into TESTUSER1.MASTER (ID,SUPPLIER_ID,PRODUCT_ID,STATUS) values (751,87,565,1);
Insert into TESTUSER1.MASTER (ID,SUPPLIER_ID,PRODUCT_ID,STATUS) values (752,87,337,1);
Insert into TESTUSER1.MASTER (ID,SUPPLIER_ID,PRODUCT_ID,STATUS) values (753,104,413,1);
Insert into TESTUSER1.MASTER (ID,SUPPLIER_ID,PRODUCT_ID,STATUS) values (754,80,520,1);
Insert into TESTUSER1.MASTER (ID,SUPPLIER_ID,PRODUCT_ID,STATUS) values (755,80,362,1);
Insert into TESTUSER1.MASTER (ID,SUPPLIER_ID,PRODUCT_ID,STATUS) values (756,81,176,1);
Insert into TESTUSER1.MASTER (ID,SUPPLIER_ID,PRODUCT_ID,STATUS) values (757,107,199,1);
Insert into TESTUSER1.MASTER (ID,SUPPLIER_ID,PRODUCT_ID,STATUS) values (758,107,247,1);
Insert into TESTUSER1.MASTER (ID,SUPPLIER_ID,PRODUCT_ID,STATUS) values (759,107,72,1);
Insert into TESTUSER1.MASTER (ID,SUPPLIER_ID,PRODUCT_ID,STATUS) values (760,90,221,1);
Insert into TESTUSER1.MASTER (ID,SUPPLIER_ID,PRODUCT_ID,STATUS) values (761,90,135,1);
Insert into TESTUSER1.MASTER (ID,SUPPLIER_ID,PRODUCT_ID,STATUS) values (762,80,232,1);
Insert into TESTUSER1.MASTER (ID,SUPPLIER_ID,PRODUCT_ID,STATUS) values (763,107,503,1);
Insert into TESTUSER1.MASTER (ID,SUPPLIER_ID,PRODUCT_ID,STATUS) values (764,107,587,1);
Insert into TESTUSER1.MASTER (ID,SUPPLIER_ID,PRODUCT_ID,STATUS) values (765,107,438,1);
Insert into TESTUSER1.MASTER (ID,SUPPLIER_ID,PRODUCT_ID,STATUS) values (766,107,332,1);
Insert into TESTUSER1.MASTER (ID,SUPPLIER_ID,PRODUCT_ID,STATUS) values (767,83,429,1);
Insert into TESTUSER1.MASTER (ID,SUPPLIER_ID,PRODUCT_ID,STATUS) values (768,104,167,1);
Insert into TESTUSER1.MASTER (ID,SUPPLIER_ID,PRODUCT_ID,STATUS) values (769,104,71,1);
Insert into TESTUSER1.MASTER (ID,SUPPLIER_ID,PRODUCT_ID,STATUS) values (770,107,62,1);
Insert into TESTUSER1.MASTER (ID,SUPPLIER_ID,PRODUCT_ID,STATUS) values (771,107,205,1);
REM INSERTING into TESTUSER1.PRODUCT
SET DEFINE OFF;
Insert into TESTUSER1.PRODUCT (PRODUCT_ID,PRODUCT_TITLE,PRODUCT_CATEGORY,PRICE,ICON_PATH) values (207,'Executive Impressions 14"','Office Furnishings',22.23,'./../../assets/product.ico');
Insert into TESTUSER1.PRODUCT (PRODUCT_ID,PRODUCT_TITLE,PRODUCT_CATEGORY,PRICE,ICON_PATH) values (208,'Executive Impressions 14" Contract Wall Clock','Office Furnishings',22.23,'./../../assets/product.ico');
Insert into TESTUSER1.PRODUCT (PRODUCT_ID,PRODUCT_TITLE,PRODUCT_CATEGORY,PRICE,ICON_PATH) values (209,'Executive Impressions 14" Two-Color Numerals Wall Clock','Office Furnishings',22.72,'./../../assets/product.ico');
Insert into TESTUSER1.PRODUCT (PRODUCT_ID,PRODUCT_TITLE,PRODUCT_CATEGORY,PRICE,ICON_PATH) values (210,'Executive Impressions 8-1/2" Career Panel/Partition Cubicle Clock','Office Furnishings',10.4,'./../../assets/product.ico');
Insert into TESTUSER1.PRODUCT (PRODUCT_ID,PRODUCT_TITLE,PRODUCT_CATEGORY,PRICE,ICON_PATH) values (211,'Fellowes 17-key keypad for PS/2 interface','Computer Peripherals',30.73,'./../../assets/product.ico');
Insert into TESTUSER1.PRODUCT (PRODUCT_ID,PRODUCT_TITLE,PRODUCT_CATEGORY,PRICE,ICON_PATH) values (212,'Fellowes 8 Outlet Superior Workstation Surge Protector','Appliances',41.71,'./../../assets/product.ico');
Insert into TESTUSER1.PRODUCT (PRODUCT_ID,PRODUCT_TITLE,PRODUCT_CATEGORY,PRICE,ICON_PATH) values (213,'Fellowes Bankers Box? Staxonsteel? Drawer File/Stacking System','Storage & Organization',64.98,'./../../assets/product.ico');
Insert into TESTUSER1.PRODUCT (PRODUCT_ID,PRODUCT_TITLE,PRODUCT_CATEGORY,PRICE,ICON_PATH) values (214,'Fellowes Basic 104-Key Keyboard, Platinum','Computer Peripherals',20.95,'./../../assets/product.ico');
Insert into TESTUSER1.PRODUCT (PRODUCT_ID,PRODUCT_TITLE,PRODUCT_CATEGORY,PRICE,ICON_PATH) values (215,'Fellowes Black Plastic Comb Bindings','Binders and Binder Accessories',5.81,'./../../assets/product.ico');
Insert into TESTUSER1.PRODUCT (PRODUCT_ID,PRODUCT_TITLE,PRODUCT_CATEGORY,PRICE,ICON_PATH) values (216,'Fellowes Command Center 5-outlet power strip','Appliances',67.84,'./../../assets/product.ico');
Insert into TESTUSER1.PRODUCT (PRODUCT_ID,PRODUCT_TITLE,PRODUCT_CATEGORY,PRICE,ICON_PATH) values (217,'Fellowes Internet Keyboard, Platinum','Computer Peripherals',30.42,'./../../assets/product.ico');
Insert into TESTUSER1.PRODUCT (PRODUCT_ID,PRODUCT_TITLE,PRODUCT_CATEGORY,PRICE,ICON_PATH) values (218,'Fellowes Neat Ideas? Storage Cubes','Storage & Organization',32.48,'./../../assets/product.ico');
Insert into TESTUSER1.PRODUCT (PRODUCT_ID,PRODUCT_TITLE,PRODUCT_CATEGORY,PRICE,ICON_PATH) values (219,'Fellowes PB300 Plastic Comb Binding Machine','Binders and Binder Accessories',387.99,'./../../assets/product.ico');
Insert into TESTUSER1.PRODUCT (PRODUCT_ID,PRODUCT_TITLE,PRODUCT_CATEGORY,PRICE,ICON_PATH) values (220,'Fellowes PB500 Electric Punch Plastic Comb Binding Machine with Manual Bind','Binders and Binder Accessories',1270.99,'./../../assets/product.ico');
Insert into TESTUSER1.PRODUCT (PRODUCT_ID,PRODUCT_TITLE,PRODUCT_CATEGORY,PRICE,ICON_PATH) values (221,'Fellowes Premier Superior Surge Suppressor, 10-Outlet, With Phone and Remote','Appliances',48.92,'./../../assets/product.ico');
Insert into TESTUSER1.PRODUCT (PRODUCT_ID,PRODUCT_TITLE,PRODUCT_CATEGORY,PRICE,ICON_PATH) values (222,'Fellowes Recycled Storage Drawers','Storage & Organization',111.03,'./../../assets/product.ico');
Insert into TESTUSER1.PRODUCT (PRODUCT_ID,PRODUCT_TITLE,PRODUCT_CATEGORY,PRICE,ICON_PATH) values (223,'Fellowes Smart Design 104-Key Enhanced Keyboard, PS/2 Adapter, Platinum','Computer Peripherals',55.94,'./../../assets/product.ico');
Insert into TESTUSER1.PRODUCT (PRODUCT_ID,PRODUCT_TITLE,PRODUCT_CATEGORY,PRICE,ICON_PATH) values (224,'Fellowes Smart Surge Ten-Outlet Protector, Platinum','Appliances',60.22,'./../../assets/product.ico');
Insert into TESTUSER1.PRODUCT (PRODUCT_ID,PRODUCT_TITLE,PRODUCT_CATEGORY,PRICE,ICON_PATH) values (225,'Fellowes Staxonsteel? Drawer Files','Storage & Organization',193.17,'./../../assets/product.ico');
Insert into TESTUSER1.PRODUCT (PRODUCT_ID,PRODUCT_TITLE,PRODUCT_CATEGORY,PRICE,ICON_PATH) values (226,'Fellowes Stor/Drawer? Steel Plus? Storage Drawers','Storage & Organization',95.43,'./../../assets/product.ico');
Insert into TESTUSER1.PRODUCT (PRODUCT_ID,PRODUCT_TITLE,PRODUCT_CATEGORY,PRICE,ICON_PATH) values (227,'Fellowes Strictly Business? Drawer File, Letter/Legal Size','Storage & Organization',140.85,'./../../assets/product.ico');
Insert into TESTUSER1.PRODUCT (PRODUCT_ID,PRODUCT_TITLE,PRODUCT_CATEGORY,PRICE,ICON_PATH) values (228,'Fellowes Super Stor/Drawer?','Storage & Organization',27.75,'./../../assets/product.ico');
Insert into TESTUSER1.PRODUCT (PRODUCT_ID,PRODUCT_TITLE,PRODUCT_CATEGORY,PRICE,ICON_PATH) values (229,'Fellowes Super Stor/Drawer? Files','Storage & Organization',161.55,'./../../assets/product.ico');
Insert into TESTUSER1.PRODUCT (PRODUCT_ID,PRODUCT_TITLE,PRODUCT_CATEGORY,PRICE,ICON_PATH) values (230,'Fellowes Twister Kit, Gray/Clear, 3/pkg','Binders and Binder Accessories',8.04,'./../../assets/product.ico');
Insert into TESTUSER1.PRODUCT (PRODUCT_ID,PRODUCT_TITLE,PRODUCT_CATEGORY,PRICE,ICON_PATH) values (231,'Fiskars 8" Scissors, 2/Pack','Scissors, Rulers and Trimmers',17.24,'./../../assets/product.ico');
Insert into TESTUSER1.PRODUCT (PRODUCT_ID,PRODUCT_TITLE,PRODUCT_CATEGORY,PRICE,ICON_PATH) values (232,'Fiskars? Softgrip Scissors','Scissors, Rulers and Trimmers',10.98,'./../../assets/product.ico');
Insert into TESTUSER1.PRODUCT (PRODUCT_ID,PRODUCT_TITLE,PRODUCT_CATEGORY,PRICE,ICON_PATH) values (233,'Fuji 5.2GB DVD-RAM','Computer Peripherals',40.96,'./../../assets/product.ico');
Insert into TESTUSER1.PRODUCT (PRODUCT_ID,PRODUCT_TITLE,PRODUCT_CATEGORY,PRICE,ICON_PATH) values (234,'G.E. Longer-Life Indoor Recessed Floodlight Bulbs','Office Furnishings',6.64,'./../../assets/product.ico');
Insert into TESTUSER1.PRODUCT (PRODUCT_ID,PRODUCT_TITLE,PRODUCT_CATEGORY,PRICE,ICON_PATH) values (235,'GBC Binding covers','Binders and Binder Accessories',12.95,'./../../assets/product.ico');
Insert into TESTUSER1.PRODUCT (PRODUCT_ID,PRODUCT_TITLE,PRODUCT_CATEGORY,PRICE,ICON_PATH) values (236,'GBC DocuBind 200 Manual Binding Machine','Binders and Binder Accessories',420.98,'./../../assets/product.ico');
Insert into TESTUSER1.PRODUCT (PRODUCT_ID,PRODUCT_TITLE,PRODUCT_CATEGORY,PRICE,ICON_PATH) values (238,'GBC DocuBind TL200 Manual Binding Machine','Binders and Binder Accessories',223.98,'./../../assets/product.ico');
Insert into TESTUSER1.PRODUCT (PRODUCT_ID,PRODUCT_TITLE,PRODUCT_CATEGORY,PRICE,ICON_PATH) values (239,'GBC DocuBind TL300 Electric Binding System','Binders and Binder Accessories',896.99,'./../../assets/product.ico');
Insert into TESTUSER1.PRODUCT (PRODUCT_ID,PRODUCT_TITLE,PRODUCT_CATEGORY,PRICE,ICON_PATH) values (240,'GBC Imprintable Covers','Binders and Binder Accessories',10.98,'./../../assets/product.ico');
Insert into TESTUSER1.PRODUCT (PRODUCT_ID,PRODUCT_TITLE,PRODUCT_CATEGORY,PRICE,ICON_PATH) values (242,'GBC Linen Binding Covers','Binders and Binder Accessories',30.98,'./../../assets/product.ico');
Insert into TESTUSER1.PRODUCT (PRODUCT_ID,PRODUCT_TITLE,PRODUCT_CATEGORY,PRICE,ICON_PATH) values (243,'GBC Pre-Punched Binding Paper, Plastic, White, 8-1/2" x 11"','Binders and Binder Accessories',15.99,'./../../assets/product.ico');
Insert into TESTUSER1.PRODUCT (PRODUCT_ID,PRODUCT_TITLE,PRODUCT_CATEGORY,PRICE,ICON_PATH) values (244,'GBC Prepunched Paper, 19-Hole, for Binding Systems, 24-lb','Binders and Binder Accessories',15.01,'./../../assets/product.ico');
Insert into TESTUSER1.PRODUCT (PRODUCT_ID,PRODUCT_TITLE,PRODUCT_CATEGORY,PRICE,ICON_PATH) values (246,'GBC Recycled Regency Composition Covers','Binders and Binder Accessories',59.78,'./../../assets/product.ico');
Insert into TESTUSER1.PRODUCT (PRODUCT_ID,PRODUCT_TITLE,PRODUCT_CATEGORY,PRICE,ICON_PATH) values (247,'GBC Standard Plastic Binding Systems Combs','Binders and Binder Accessories',8.85,'./../../assets/product.ico');
Insert into TESTUSER1.PRODUCT (PRODUCT_ID,PRODUCT_TITLE,PRODUCT_CATEGORY,PRICE,ICON_PATH) values (249,'GBC Twin Loop? Wire Binding Elements, 9/16" Spine, Black','Binders and Binder Accessories',15.22,'./../../assets/product.ico');
Insert into TESTUSER1.PRODUCT (PRODUCT_ID,PRODUCT_TITLE,PRODUCT_CATEGORY,PRICE,ICON_PATH) values (250,'GBC VeloBinder Electric Binding Machine','Binders and Binder Accessories',120.98,'./../../assets/product.ico');
Insert into TESTUSER1.PRODUCT (PRODUCT_ID,PRODUCT_TITLE,PRODUCT_CATEGORY,PRICE,ICON_PATH) values (251,'GBC White Gloss Covers, Plain Front','Binders and Binder Accessories',14.48,'./../../assets/product.ico');
Insert into TESTUSER1.PRODUCT (PRODUCT_ID,PRODUCT_TITLE,PRODUCT_CATEGORY,PRICE,ICON_PATH) values (253,'GE 48" Fluorescent Tube, Cool White Energy Saver, 34 Watts, 30/Box','Office Furnishings',99.23,'./../../assets/product.ico');
Insert into TESTUSER1.PRODUCT (PRODUCT_ID,PRODUCT_TITLE,PRODUCT_CATEGORY,PRICE,ICON_PATH) values (254,'Global Adaptabilities? Conference Tables','Tables',280.98,'./../../assets/product.ico');
Insert into TESTUSER1.PRODUCT (PRODUCT_ID,PRODUCT_TITLE,PRODUCT_CATEGORY,PRICE,ICON_PATH) values (256,'Global Commerce? Series High-Back Swivel/Tilt Chairs','Chairs & Chairmats',284.98,'./../../assets/product.ico');
Insert into TESTUSER1.PRODUCT (PRODUCT_ID,PRODUCT_TITLE,PRODUCT_CATEGORY,PRICE,ICON_PATH) values (257,'Global Deluxe High-Back Office Chair in Storm','Chairs & Chairmats',135.99,'./../../assets/product.ico');
Insert into TESTUSER1.PRODUCT (PRODUCT_ID,PRODUCT_TITLE,PRODUCT_CATEGORY,PRICE,ICON_PATH) values (259,'Global Enterprise Series Seating High-Back Swivel/Tilt Chairs','Chairs & Chairmats',270.98,'./../../assets/product.ico');
Insert into TESTUSER1.PRODUCT (PRODUCT_ID,PRODUCT_TITLE,PRODUCT_CATEGORY,PRICE,ICON_PATH) values (260,'Global Ergonomic Managers Chair','Chairs & Chairmats',180.98,'./../../assets/product.ico');
Insert into TESTUSER1.PRODUCT (PRODUCT_ID,PRODUCT_TITLE,PRODUCT_CATEGORY,PRICE,ICON_PATH) values (262,'Global Leather and Oak Executive Chair, Black','Chairs & Chairmats',300.98,'./../../assets/product.ico');
Insert into TESTUSER1.PRODUCT (PRODUCT_ID,PRODUCT_TITLE,PRODUCT_CATEGORY,PRICE,ICON_PATH) values (263,'Global Leather Highback Executive Chair with Pneumatic Height Adjustment, Black','Chairs & Chairmats',200.98,'./../../assets/product.ico');
Insert into TESTUSER1.PRODUCT (PRODUCT_ID,PRODUCT_TITLE,PRODUCT_CATEGORY,PRICE,ICON_PATH) values (265,'Global Troy? Executive Leather Low-Back Tilter','Chairs & Chairmats',500.98,'./../../assets/product.ico');
Insert into TESTUSER1.PRODUCT (PRODUCT_ID,PRODUCT_TITLE,PRODUCT_CATEGORY,PRICE,ICON_PATH) values (266,'Gould Plastics 9-Pocket Panel Bin, 18-3/8w x 5-1/4d x 20-1/2h, Black','Storage & Organization',52.99,'./../../assets/product.ico');
Insert into TESTUSER1.PRODUCT (PRODUCT_ID,PRODUCT_TITLE,PRODUCT_CATEGORY,PRICE,ICON_PATH) values (268,'Hammermill CopyPlus Copy Paper (20Lb. and 84 Bright)','Paper',4.98,'./../../assets/product.ico');
Insert into TESTUSER1.PRODUCT (PRODUCT_ID,PRODUCT_TITLE,PRODUCT_CATEGORY,PRICE,ICON_PATH) values (269,'Hanging Personal Folder File','Storage & Organization',15.7,'./../../assets/product.ico');
Insert into TESTUSER1.PRODUCT (PRODUCT_ID,PRODUCT_TITLE,PRODUCT_CATEGORY,PRICE,ICON_PATH) values (270,'Heavy-Duty E-Z-D? Binders','Binders and Binder Accessories',10.91,'./../../assets/product.ico');
Insert into TESTUSER1.PRODUCT (PRODUCT_ID,PRODUCT_TITLE,PRODUCT_CATEGORY,PRICE,ICON_PATH) values (272,'Hewlett-Packard Deskjet 6122 Color Inkjet Printer','Office Machines',200.97,'./../../assets/product.ico');
Insert into TESTUSER1.PRODUCT (PRODUCT_ID,PRODUCT_TITLE,PRODUCT_CATEGORY,PRICE,ICON_PATH) values (273,'High Speed Automatic Electric Letter Opener','Scissors, Rulers and Trimmers',1637.53,'./../../assets/product.ico');
Insert into TESTUSER1.PRODUCT (PRODUCT_ID,PRODUCT_TITLE,PRODUCT_CATEGORY,PRICE,ICON_PATH) values (275,'Holmes Harmony HEPA Air Purifier for 17 x 20 Room','Appliances',225.04,'./../../assets/product.ico');
Insert into TESTUSER1.PRODUCT (PRODUCT_ID,PRODUCT_TITLE,PRODUCT_CATEGORY,PRICE,ICON_PATH) values (276,'Holmes HEPA Air Purifier','Appliances',21.78,'./../../assets/product.ico');
Insert into TESTUSER1.PRODUCT (PRODUCT_ID,PRODUCT_TITLE,PRODUCT_CATEGORY,PRICE,ICON_PATH) values (278,'Holmes Replacement Filter for HEPA Air Cleaner, Very Large Room, HEPA Filter','Appliances',68.81,'./../../assets/product.ico');
Insert into TESTUSER1.PRODUCT (PRODUCT_ID,PRODUCT_TITLE,PRODUCT_CATEGORY,PRICE,ICON_PATH) values (279,'Home/Office Personal File Carts','Storage & Organization',34.76,'./../../assets/product.ico');
Insert into TESTUSER1.PRODUCT (PRODUCT_ID,PRODUCT_TITLE,PRODUCT_CATEGORY,PRICE,ICON_PATH) values (281,'Hon 4-Shelf Metal Bookcases','Bookcases',100.98,'./../../assets/product.ico');
Insert into TESTUSER1.PRODUCT (PRODUCT_ID,PRODUCT_TITLE,PRODUCT_CATEGORY,PRICE,ICON_PATH) values (282,'Hon 4070 Series Pagoda? Armless Upholstered Stacking Chairs','Chairs & Chairmats',291.73,'./../../assets/product.ico');
Insert into TESTUSER1.PRODUCT (PRODUCT_ID,PRODUCT_TITLE,PRODUCT_CATEGORY,PRICE,ICON_PATH) values (283,'Hon 4070 Series Pagoda? Round Back Stacking Chairs','Chairs & Chairmats',320.98,'./../../assets/product.ico');
Insert into TESTUSER1.PRODUCT (PRODUCT_ID,PRODUCT_TITLE,PRODUCT_CATEGORY,PRICE,ICON_PATH) values (285,'Hon 5100 Series Wood Tables','Tables',290.98,'./../../assets/product.ico');
Insert into TESTUSER1.PRODUCT (PRODUCT_ID,PRODUCT_TITLE,PRODUCT_CATEGORY,PRICE,ICON_PATH) values (286,'Hon 94000 Series Round Tables','Tables',296.18,'./../../assets/product.ico');
Insert into TESTUSER1.PRODUCT (PRODUCT_ID,PRODUCT_TITLE,PRODUCT_CATEGORY,PRICE,ICON_PATH) values (287,'Hon Comfortask? Task/Swivel Chairs','Chairs & Chairmats',113.98,'./../../assets/product.ico');
Insert into TESTUSER1.PRODUCT (PRODUCT_ID,PRODUCT_TITLE,PRODUCT_CATEGORY,PRICE,ICON_PATH) values (289,'Hon Every-Day? Chair Series Swivel Task Chairs','Chairs & Chairmats',120.98,'./../../assets/product.ico');
Insert into TESTUSER1.PRODUCT (PRODUCT_ID,PRODUCT_TITLE,PRODUCT_CATEGORY,PRICE,ICON_PATH) values (290,'Hon GuestStacker Chair','Chairs & Chairmats',226.67,'./../../assets/product.ico');
Insert into TESTUSER1.PRODUCT (PRODUCT_ID,PRODUCT_TITLE,PRODUCT_CATEGORY,PRICE,ICON_PATH) values (291,'Hon iLevel? Computer Training Table','Tables',31.76,'./../../assets/product.ico');
Insert into TESTUSER1.PRODUCT (PRODUCT_ID,PRODUCT_TITLE,PRODUCT_CATEGORY,PRICE,ICON_PATH) values (293,'Hon Multipurpose Stacking Arm Chairs','Chairs & Chairmats',216.6,'./../../assets/product.ico');
Insert into TESTUSER1.PRODUCT (PRODUCT_ID,PRODUCT_TITLE,PRODUCT_CATEGORY,PRICE,ICON_PATH) values (294,'Hon Olson Stacker Stools','Chairs & Chairmats',140.81,'./../../assets/product.ico');
Insert into TESTUSER1.PRODUCT (PRODUCT_ID,PRODUCT_TITLE,PRODUCT_CATEGORY,PRICE,ICON_PATH) values (296,'Honeywell Enviracaire? Portable Air Cleaner for up to 8 x 10 Room','Appliances',76.72,'./../../assets/product.ico');
Insert into TESTUSER1.PRODUCT (PRODUCT_ID,PRODUCT_TITLE,PRODUCT_CATEGORY,PRICE,ICON_PATH) values (297,'Honeywell Quietcare HEPA Air Cleaner','Appliances',78.65,'./../../assets/product.ico');
Insert into TESTUSER1.PRODUCT (PRODUCT_ID,PRODUCT_TITLE,PRODUCT_CATEGORY,PRICE,ICON_PATH) values (298,'Hoover Portapower? Portable Vacuum','Appliances',4.48,'./../../assets/product.ico');
Insert into TESTUSER1.PRODUCT (PRODUCT_ID,PRODUCT_TITLE,PRODUCT_CATEGORY,PRICE,ICON_PATH) values (299,'Hoover WindTunnel? Plus Canister Vacuum','Appliances',363.25,'./../../assets/product.ico');
Insert into TESTUSER1.PRODUCT (PRODUCT_ID,PRODUCT_TITLE,PRODUCT_CATEGORY,PRICE,ICON_PATH) values (300,'Hoover? Commercial Lightweight Upright Vacuum','Appliances',3.48,'./../../assets/product.ico');
Insert into TESTUSER1.PRODUCT (PRODUCT_ID,PRODUCT_TITLE,PRODUCT_CATEGORY,PRICE,ICON_PATH) values (301,'Howard Miller 11-1/2" Diameter Ridgewood Wall Clock','Office Furnishings',51.94,'./../../assets/product.ico');
Insert into TESTUSER1.PRODUCT (PRODUCT_ID,PRODUCT_TITLE,PRODUCT_CATEGORY,PRICE,ICON_PATH) values (302,'Howard Miller 12-3/4 Diameter Accuwave DS ? Wall Clock','Office Furnishings',78.69,'./../../assets/product.ico');
Insert into TESTUSER1.PRODUCT (PRODUCT_ID,PRODUCT_TITLE,PRODUCT_CATEGORY,PRICE,ICON_PATH) values (303,'Howard Miller 13-3/4" Diameter Brushed Chrome Round Wall Clock','Office Furnishings',51.75,'./../../assets/product.ico');
Insert into TESTUSER1.PRODUCT (PRODUCT_ID,PRODUCT_TITLE,PRODUCT_CATEGORY,PRICE,ICON_PATH) values (304,'Howard Miller 16" Diameter Gallery Wall Clock','Office Furnishings',63.94,'./../../assets/product.ico');
Insert into TESTUSER1.PRODUCT (PRODUCT_ID,PRODUCT_TITLE,PRODUCT_CATEGORY,PRICE,ICON_PATH) values (305,'HP Office Paper (20Lb. and 87 Bright)','Paper',6.68,'./../../assets/product.ico');
Insert into TESTUSER1.PRODUCT (PRODUCT_ID,PRODUCT_TITLE,PRODUCT_CATEGORY,PRICE,ICON_PATH) values (306,'HP Office Recycled Paper (20Lb. and 87 Bright)','Paper',5.78,'./../../assets/product.ico');
Insert into TESTUSER1.PRODUCT (PRODUCT_ID,PRODUCT_TITLE,PRODUCT_CATEGORY,PRICE,ICON_PATH) values (307,'Hunt BOSTON? Vista? Battery-Operated Pencil Sharpener, Black','Pens & Art Supplies',11.66,'./../../assets/product.ico');
Insert into TESTUSER1.PRODUCT (PRODUCT_ID,PRODUCT_TITLE,PRODUCT_CATEGORY,PRICE,ICON_PATH) values (308,'Ibico Covers for Plastic or Wire Binding Elements','Binders and Binder Accessories',11.5,'./../../assets/product.ico');
Insert into TESTUSER1.PRODUCT (PRODUCT_ID,PRODUCT_TITLE,PRODUCT_CATEGORY,PRICE,ICON_PATH) values (309,'Ibico EB-19 Dual Function Manual Binding System','Binders and Binder Accessories',172.99,'./../../assets/product.ico');
Insert into TESTUSER1.PRODUCT (PRODUCT_ID,PRODUCT_TITLE,PRODUCT_CATEGORY,PRICE,ICON_PATH) values (310,'Ibico Recycled Linen-Style Covers','Binders and Binder Accessories',39.06,'./../../assets/product.ico');
Insert into TESTUSER1.PRODUCT (PRODUCT_ID,PRODUCT_TITLE,PRODUCT_CATEGORY,PRICE,ICON_PATH) values (311,'IBM 80 Minute CD-R Spindle, 50/Pack','Computer Peripherals',20.89,'./../../assets/product.ico');
Insert into TESTUSER1.PRODUCT (PRODUCT_ID,PRODUCT_TITLE,PRODUCT_CATEGORY,PRICE,ICON_PATH) values (312,'IBM Multi-Purpose Copy Paper, 8 1/2 x 11", Case','Paper',30.98,'./../../assets/product.ico');
Insert into TESTUSER1.PRODUCT (PRODUCT_ID,PRODUCT_TITLE,PRODUCT_CATEGORY,PRICE,ICON_PATH) values (313,'Imation 3.5 IBM Diskettes, 10/Box','Computer Peripherals',8.46,'./../../assets/product.ico');
Insert into TESTUSER1.PRODUCT (PRODUCT_ID,PRODUCT_TITLE,PRODUCT_CATEGORY,PRICE,ICON_PATH) values (314,'Imation 3.5, DISKETTE 44766 HGHLD3.52HD/FM, 10/Pack','Computer Peripherals',5.02,'./../../assets/product.ico');
Insert into TESTUSER1.PRODUCT (PRODUCT_ID,PRODUCT_TITLE,PRODUCT_CATEGORY,PRICE,ICON_PATH) values (315,'Imation 3.5" DS-HD Macintosh Formatted Diskettes, 10/Pack','Computer Peripherals',7.28,'./../../assets/product.ico');
Insert into TESTUSER1.PRODUCT (PRODUCT_ID,PRODUCT_TITLE,PRODUCT_CATEGORY,PRICE,ICON_PATH) values (316,'Imation 3.5" DS/HD IBM Formatted Diskettes, 10/Pack','Computer Peripherals',5.98,'./../../assets/product.ico');
Insert into TESTUSER1.PRODUCT (PRODUCT_ID,PRODUCT_TITLE,PRODUCT_CATEGORY,PRICE,ICON_PATH) values (317,'Imation 3.5" DS/HD IBM Formatted Diskettes, 50/Pack','Computer Peripherals',15.98,'./../../assets/product.ico');
Insert into TESTUSER1.PRODUCT (PRODUCT_ID,PRODUCT_TITLE,PRODUCT_CATEGORY,PRICE,ICON_PATH) values (318,'Imation 3.5", DISKETTE 44766 HGHLD3.52HD/FM, 10/Pack','Computer Peripherals',4.98,'./../../assets/product.ico');
Insert into TESTUSER1.PRODUCT (PRODUCT_ID,PRODUCT_TITLE,PRODUCT_CATEGORY,PRICE,ICON_PATH) values (319,'Imation 5.2GB DVD-RAM','Computer Peripherals',60.98,'./../../assets/product.ico');
Insert into TESTUSER1.PRODUCT (PRODUCT_ID,PRODUCT_TITLE,PRODUCT_CATEGORY,PRICE,ICON_PATH) values (320,'Imation IBM Formatted Diskettes, 100/Pack','Computer Peripherals',28.48,'./../../assets/product.ico');
Insert into TESTUSER1.PRODUCT (PRODUCT_ID,PRODUCT_TITLE,PRODUCT_CATEGORY,PRICE,ICON_PATH) values (321,'Imation Neon Mac Format Diskettes, 10/Pack','Computer Peripherals',8.12,'./../../assets/product.ico');
Insert into TESTUSER1.PRODUCT (PRODUCT_ID,PRODUCT_TITLE,PRODUCT_CATEGORY,PRICE,ICON_PATH) values (322,'Imation Primaris 3.5" 2HD Unformatted Diskettes, 10/Pack','Computer Peripherals',4.77,'./../../assets/product.ico');
Insert into TESTUSER1.PRODUCT (PRODUCT_ID,PRODUCT_TITLE,PRODUCT_CATEGORY,PRICE,ICON_PATH) values (323,'Imation Printable White 80 Minute CD-R Spindle, 50/Pack','Computer Peripherals',40.98,'./../../assets/product.ico');
Insert into TESTUSER1.PRODUCT (PRODUCT_ID,PRODUCT_TITLE,PRODUCT_CATEGORY,PRICE,ICON_PATH) values (324,'Jet-Pak Recycled Peel ''N'' Seal Padded Mailers','Envelopes',35.89,'./../../assets/product.ico');
Insert into TESTUSER1.PRODUCT (PRODUCT_ID,PRODUCT_TITLE,PRODUCT_CATEGORY,PRICE,ICON_PATH) values (325,'Kensington 7 Outlet MasterPiece Power Center','Appliances',177.98,'./../../assets/product.ico');
Insert into TESTUSER1.PRODUCT (PRODUCT_ID,PRODUCT_TITLE,PRODUCT_CATEGORY,PRICE,ICON_PATH) values (326,'Kensington 7 Outlet MasterPiece Power Center with Fax/Phone Line Protection','Appliances',207.48,'./../../assets/product.ico');
Insert into TESTUSER1.PRODUCT (PRODUCT_ID,PRODUCT_TITLE,PRODUCT_CATEGORY,PRICE,ICON_PATH) values (327,'Kensington 7 Outlet MasterPiece? HOMEOFFICE Power Control Center','Appliances',131.12,'./../../assets/product.ico');
Insert into TESTUSER1.PRODUCT (PRODUCT_ID,PRODUCT_TITLE,PRODUCT_CATEGORY,PRICE,ICON_PATH) values (328,'Keytronic 105-Key Spanish Keyboard','Computer Peripherals',73.98,'./../../assets/product.ico');
Insert into TESTUSER1.PRODUCT (PRODUCT_ID,PRODUCT_TITLE,PRODUCT_CATEGORY,PRICE,ICON_PATH) values (330,'Keytronic French Keyboard','Computer Peripherals',73.98,'./../../assets/product.ico');
Insert into TESTUSER1.PRODUCT (PRODUCT_ID,PRODUCT_TITLE,PRODUCT_CATEGORY,PRICE,ICON_PATH) values (331,'Kleencut? Forged Office Shears by Acme United Corporation','Scissors, Rulers and Trimmers',2.08,'./../../assets/product.ico');
Insert into TESTUSER1.PRODUCT (PRODUCT_ID,PRODUCT_TITLE,PRODUCT_CATEGORY,PRICE,ICON_PATH) values (332,'Laminate Occasional Tables','Tables',154.13,'./../../assets/product.ico');
Insert into TESTUSER1.PRODUCT (PRODUCT_ID,PRODUCT_TITLE,PRODUCT_CATEGORY,PRICE,ICON_PATH) values (334,'Lesro Round Back Collection Coffee Table, End Table','Tables',182.55,'./../../assets/product.ico');
Insert into TESTUSER1.PRODUCT (PRODUCT_ID,PRODUCT_TITLE,PRODUCT_CATEGORY,PRICE,ICON_PATH) values (335,'Lesro Sheffield Collection Coffee Table, End Table, Center Table, Corner Table','Tables',71.37,'./../../assets/product.ico');
Insert into TESTUSER1.PRODUCT (PRODUCT_ID,PRODUCT_TITLE,PRODUCT_CATEGORY,PRICE,ICON_PATH) values (337,'Lexmark Z54se Color Inkjet Printer','Office Machines',90.97,'./../../assets/product.ico');
Insert into TESTUSER1.PRODUCT (PRODUCT_ID,PRODUCT_TITLE,PRODUCT_CATEGORY,PRICE,ICON_PATH) values (339,'Lifetime Advantage? Folding Chairs, 4/Carton','Chairs & Chairmats',218.08,'./../../assets/product.ico');
Insert into TESTUSER1.PRODUCT (PRODUCT_ID,PRODUCT_TITLE,PRODUCT_CATEGORY,PRICE,ICON_PATH) values (340,'Linden? 12" Wall Clock With Oak Frame','Office Furnishings',33.98,'./../../assets/product.ico');
Insert into TESTUSER1.PRODUCT (PRODUCT_ID,PRODUCT_TITLE,PRODUCT_CATEGORY,PRICE,ICON_PATH) values (342,'Logitech Access Keyboard','Computer Peripherals',15.98,'./../../assets/product.ico');
Insert into TESTUSER1.PRODUCT (PRODUCT_ID,PRODUCT_TITLE,PRODUCT_CATEGORY,PRICE,ICON_PATH) values (343,'Logitech Cordless Elite Duo','Computer Peripherals',100.98,'./../../assets/product.ico');
Insert into TESTUSER1.PRODUCT (PRODUCT_ID,PRODUCT_TITLE,PRODUCT_CATEGORY,PRICE,ICON_PATH) values (345,'Logitech Internet Navigator Keyboard','Computer Peripherals',30.98,'./../../assets/product.ico');
Insert into TESTUSER1.PRODUCT (PRODUCT_ID,PRODUCT_TITLE,PRODUCT_CATEGORY,PRICE,ICON_PATH) values (346,'Luxo Economy Swing Arm Lamp','Office Furnishings',19.94,'./../../assets/product.ico');
Insert into TESTUSER1.PRODUCT (PRODUCT_ID,PRODUCT_TITLE,PRODUCT_CATEGORY,PRICE,ICON_PATH) values (348,'Magna Visual Magnetic Picture Hangers','Office Furnishings',4.82,'./../../assets/product.ico');
Insert into TESTUSER1.PRODUCT (PRODUCT_ID,PRODUCT_TITLE,PRODUCT_CATEGORY,PRICE,ICON_PATH) values (349,'Manila Recycled Extra-Heavyweight Clasp Envelopes, 6" x 9"','Envelopes',10.98,'./../../assets/product.ico');
Insert into TESTUSER1.PRODUCT (PRODUCT_ID,PRODUCT_TITLE,PRODUCT_CATEGORY,PRICE,ICON_PATH) values (350,'Martin-Yale Premier Letter Opener','Scissors, Rulers and Trimmers',12.88,'./../../assets/product.ico');
Insert into TESTUSER1.PRODUCT (PRODUCT_ID,PRODUCT_TITLE,PRODUCT_CATEGORY,PRICE,ICON_PATH) values (352,'Maxell 3.5" DS/HD IBM-Formatted Diskettes, 10/Pack','Computer Peripherals',4.89,'./../../assets/product.ico');
Insert into TESTUSER1.PRODUCT (PRODUCT_ID,PRODUCT_TITLE,PRODUCT_CATEGORY,PRICE,ICON_PATH) values (353,'Maxell DVD-RAM Discs','Computer Peripherals',16.48,'./../../assets/product.ico');
Insert into TESTUSER1.PRODUCT (PRODUCT_ID,PRODUCT_TITLE,PRODUCT_CATEGORY,PRICE,ICON_PATH) values (355,'Memorex 4.7GB DVD-RAM, 3/Pack','Computer Peripherals',31.78,'./../../assets/product.ico');
Insert into TESTUSER1.PRODUCT (PRODUCT_ID,PRODUCT_TITLE,PRODUCT_CATEGORY,PRICE,ICON_PATH) values (356,'Memorex 4.7GB DVD+R, 3/Pack','Computer Peripherals',15.28,'./../../assets/product.ico');
Insert into TESTUSER1.PRODUCT (PRODUCT_ID,PRODUCT_TITLE,PRODUCT_CATEGORY,PRICE,ICON_PATH) values (358,'Memorex 80 Minute CD-R Spindle, 100/Pack','Computer Peripherals',43.98,'./../../assets/product.ico');
Insert into TESTUSER1.PRODUCT (PRODUCT_ID,PRODUCT_TITLE,PRODUCT_CATEGORY,PRICE,ICON_PATH) values (359,'Memorex 80 Minute CD-R, 30/Pack','Computer Peripherals',22.98,'./../../assets/product.ico');
Insert into TESTUSER1.PRODUCT (PRODUCT_ID,PRODUCT_TITLE,PRODUCT_CATEGORY,PRICE,ICON_PATH) values (361,'Metal Folding Chairs, Beige, 4/Carton','Chairs & Chairmats',33.94,'./../../assets/product.ico');
Insert into TESTUSER1.PRODUCT (PRODUCT_ID,PRODUCT_TITLE,PRODUCT_CATEGORY,PRICE,ICON_PATH) values (362,'Micro Innovations 104 Keyboard','Computer Peripherals',10.97,'./../../assets/product.ico');
Insert into TESTUSER1.PRODUCT (PRODUCT_ID,PRODUCT_TITLE,PRODUCT_CATEGORY,PRICE,ICON_PATH) values (364,'Micro Innovations Micro Digital Wireless Keyboard and Mouse, Gray','Computer Peripherals',83.1,'./../../assets/product.ico');
Insert into TESTUSER1.PRODUCT (PRODUCT_ID,PRODUCT_TITLE,PRODUCT_CATEGORY,PRICE,ICON_PATH) values (365,'Microsoft Internet Keyboard','Computer Peripherals',20.97,'./../../assets/product.ico');
Insert into TESTUSER1.PRODUCT (PRODUCT_ID,PRODUCT_TITLE,PRODUCT_CATEGORY,PRICE,ICON_PATH) values (366,'Microsoft Natural Multimedia Keyboard','Computer Peripherals',50.98,'./../../assets/product.ico');
Insert into TESTUSER1.PRODUCT (PRODUCT_ID,PRODUCT_TITLE,PRODUCT_CATEGORY,PRICE,ICON_PATH) values (368,'Multi-Use Personal File Cart and Caster Set, Three Stacking Bins','Storage & Organization',34.76,'./../../assets/product.ico');
Insert into TESTUSER1.PRODUCT (PRODUCT_ID,PRODUCT_TITLE,PRODUCT_CATEGORY,PRICE,ICON_PATH) values (370,'Newell 310','Pens & Art Supplies',1.76,'./../../assets/product.ico');
Insert into TESTUSER1.PRODUCT (PRODUCT_ID,PRODUCT_TITLE,PRODUCT_CATEGORY,PRICE,ICON_PATH) values (371,'Newell 312','Pens & Art Supplies',5.84,'./../../assets/product.ico');
Insert into TESTUSER1.PRODUCT (PRODUCT_ID,PRODUCT_TITLE,PRODUCT_CATEGORY,PRICE,ICON_PATH) values (373,'Newell 315','Pens & Art Supplies',5.98,'./../../assets/product.ico');
Insert into TESTUSER1.PRODUCT (PRODUCT_ID,PRODUCT_TITLE,PRODUCT_CATEGORY,PRICE,ICON_PATH) values (375,'Newell 323','Pens & Art Supplies',1.68,'./../../assets/product.ico');
Insert into TESTUSER1.PRODUCT (PRODUCT_ID,PRODUCT_TITLE,PRODUCT_CATEGORY,PRICE,ICON_PATH) values (377,'Newell 327','Pens & Art Supplies',2.21,'./../../assets/product.ico');
Insert into TESTUSER1.PRODUCT (PRODUCT_ID,PRODUCT_TITLE,PRODUCT_CATEGORY,PRICE,ICON_PATH) values (379,'Newell 336','Pens & Art Supplies',4.28,'./../../assets/product.ico');
Insert into TESTUSER1.PRODUCT (PRODUCT_ID,PRODUCT_TITLE,PRODUCT_CATEGORY,PRICE,ICON_PATH) values (381,'Newell 342','Pens & Art Supplies',3.28,'./../../assets/product.ico');
Insert into TESTUSER1.PRODUCT (PRODUCT_ID,PRODUCT_TITLE,PRODUCT_CATEGORY,PRICE,ICON_PATH) values (382,'Newell 343','Pens & Art Supplies',2.94,'./../../assets/product.ico');
Insert into TESTUSER1.PRODUCT (PRODUCT_ID,PRODUCT_TITLE,PRODUCT_CATEGORY,PRICE,ICON_PATH) values (384,'Novimex Swivel Fabric Task Chair','Chairs & Chairmats',150.98,'./../../assets/product.ico');
Insert into TESTUSER1.PRODUCT (PRODUCT_ID,PRODUCT_TITLE,PRODUCT_CATEGORY,PRICE,ICON_PATH) values (385,'Nu-Dell Leatherette Frames','Office Furnishings',14.34,'./../../assets/product.ico');
Insert into TESTUSER1.PRODUCT (PRODUCT_ID,PRODUCT_TITLE,PRODUCT_CATEGORY,PRICE,ICON_PATH) values (386,'O''Sullivan 2-Shelf Heavy-Duty Bookcases','Bookcases',48.58,'./../../assets/product.ico');
Insert into TESTUSER1.PRODUCT (PRODUCT_ID,PRODUCT_TITLE,PRODUCT_CATEGORY,PRICE,ICON_PATH) values (388,'O''Sullivan Elevations Bookcase, Cherry Finish','Bookcases',130.98,'./../../assets/product.ico');
Insert into TESTUSER1.PRODUCT (PRODUCT_ID,PRODUCT_TITLE,PRODUCT_CATEGORY,PRICE,ICON_PATH) values (389,'O''Sullivan Manor Hill 2-Door Library in Brianna Oak','Bookcases',180.98,'./../../assets/product.ico');
Insert into TESTUSER1.PRODUCT (PRODUCT_ID,PRODUCT_TITLE,PRODUCT_CATEGORY,PRICE,ICON_PATH) values (391,'Office Star - Mid Back Dual function Ergonomic High Back Chair with 2-Way Adjustable Arms','Chairs & Chairmats',160.98,'./../../assets/product.ico');
Insert into TESTUSER1.PRODUCT (PRODUCT_ID,PRODUCT_TITLE,PRODUCT_CATEGORY,PRICE,ICON_PATH) values (392,'Office Star - Task Chair with Contemporary Loop Arms','Chairs & Chairmats',90.98,'./../../assets/product.ico');
Insert into TESTUSER1.PRODUCT (PRODUCT_ID,PRODUCT_TITLE,PRODUCT_CATEGORY,PRICE,ICON_PATH) values (393,'Office Star Flex Back Scooter Chair with Aluminum Finish Frame','Chairs & Chairmats',100.89,'./../../assets/product.ico');
Insert into TESTUSER1.PRODUCT (PRODUCT_ID,PRODUCT_TITLE,PRODUCT_CATEGORY,PRICE,ICON_PATH) values (394,'Office Star Flex Back Scooter Chair with White Frame','Chairs & Chairmats',110.98,'./../../assets/product.ico');
Insert into TESTUSER1.PRODUCT (PRODUCT_ID,PRODUCT_TITLE,PRODUCT_CATEGORY,PRICE,ICON_PATH) values (396,'Okidata ML395C Color Dot Matrix Printer','Office Machines',1360.14,'./../../assets/product.ico');
Insert into TESTUSER1.PRODUCT (PRODUCT_ID,PRODUCT_TITLE,PRODUCT_CATEGORY,PRICE,ICON_PATH) values (397,'Panasonic KP-310 Heavy-Duty Electric Pencil Sharpener','Pens & Art Supplies',21.98,'./../../assets/product.ico');
Insert into TESTUSER1.PRODUCT (PRODUCT_ID,PRODUCT_TITLE,PRODUCT_CATEGORY,PRICE,ICON_PATH) values (398,'Panasonic KP-350BK Electric Pencil Sharpener with Auto Stop','Pens & Art Supplies',34.58,'./../../assets/product.ico');
Insert into TESTUSER1.PRODUCT (PRODUCT_ID,PRODUCT_TITLE,PRODUCT_CATEGORY,PRICE,ICON_PATH) values (399,'Panasonic KX-P1150 Dot Matrix Printer','Office Machines',145.45,'./../../assets/product.ico');
Insert into TESTUSER1.PRODUCT (PRODUCT_ID,PRODUCT_TITLE,PRODUCT_CATEGORY,PRICE,ICON_PATH) values (400,'Panasonic KX-P3200 Dot Matrix Printer','Office Machines',297.64,'./../../assets/product.ico');
Insert into TESTUSER1.PRODUCT (PRODUCT_ID,PRODUCT_TITLE,PRODUCT_CATEGORY,PRICE,ICON_PATH) values (401,'PC Concepts 116 Key Quantum 3000 Keyboard','Computer Peripherals',32.98,'./../../assets/product.ico');
Insert into TESTUSER1.PRODUCT (PRODUCT_ID,PRODUCT_TITLE,PRODUCT_CATEGORY,PRICE,ICON_PATH) values (402,'Peel & Seel? Recycled Catalog Envelopes, Brown','Envelopes',11.58,'./../../assets/product.ico');
Insert into TESTUSER1.PRODUCT (PRODUCT_ID,PRODUCT_TITLE,PRODUCT_CATEGORY,PRICE,ICON_PATH) values (403,'Peel & Stick Add-On Corner Pockets','Binders and Binder Accessories',2.16,'./../../assets/product.ico');
Insert into TESTUSER1.PRODUCT (PRODUCT_ID,PRODUCT_TITLE,PRODUCT_CATEGORY,PRICE,ICON_PATH) values (404,'Perma STOR-ALL? Hanging File Box, 13 1/8"W x 12 1/4"D x 10 1/2"H','Storage & Organization',5.98,'./../../assets/product.ico');
Insert into TESTUSER1.PRODUCT (PRODUCT_ID,PRODUCT_TITLE,PRODUCT_CATEGORY,PRICE,ICON_PATH) values (405,'Personal Creations? Ink Jet Cards and Labels','Paper',11.48,'./../../assets/product.ico');
Insert into TESTUSER1.PRODUCT (PRODUCT_ID,PRODUCT_TITLE,PRODUCT_CATEGORY,PRICE,ICON_PATH) values (406,'Pizazz? Global Quick File?','Storage & Organization',14.97,'./../../assets/product.ico');
Insert into TESTUSER1.PRODUCT (PRODUCT_ID,PRODUCT_TITLE,PRODUCT_CATEGORY,PRICE,ICON_PATH) values (407,'Plymouth Boxed Rubber Bands by Plymouth','Rubber Bands',4.71,'./../../assets/product.ico');
Insert into TESTUSER1.PRODUCT (PRODUCT_ID,PRODUCT_TITLE,PRODUCT_CATEGORY,PRICE,ICON_PATH) values (408,'Poly Designer Cover & Back','Binders and Binder Accessories',18.99,'./../../assets/product.ico');
Insert into TESTUSER1.PRODUCT (PRODUCT_ID,PRODUCT_TITLE,PRODUCT_CATEGORY,PRICE,ICON_PATH) values (409,'Polycom ViaVideo? Desktop Video Communications Unit','Office Machines',574.74,'./../../assets/product.ico');
Insert into TESTUSER1.PRODUCT (PRODUCT_ID,PRODUCT_TITLE,PRODUCT_CATEGORY,PRICE,ICON_PATH) values (410,'Polycom ViewStation? Adapter H323 Videoconferencing Unit','Office Machines',1938.02,'./../../assets/product.ico');
Insert into TESTUSER1.PRODUCT (PRODUCT_ID,PRODUCT_TITLE,PRODUCT_CATEGORY,PRICE,ICON_PATH) values (411,'Portable Personal File Box','Storage & Organization',12.21,'./../../assets/product.ico');
Insert into TESTUSER1.PRODUCT (PRODUCT_ID,PRODUCT_TITLE,PRODUCT_CATEGORY,PRICE,ICON_PATH) values (412,'Prang Drawing Pencil Set','Pens & Art Supplies',2.78,'./../../assets/product.ico');
Insert into TESTUSER1.PRODUCT (PRODUCT_ID,PRODUCT_TITLE,PRODUCT_CATEGORY,PRICE,ICON_PATH) values (413,'Premier Elliptical Ring Binder, Black','Binders and Binder Accessories',30.44,'./../../assets/product.ico');
Insert into TESTUSER1.PRODUCT (PRODUCT_ID,PRODUCT_TITLE,PRODUCT_CATEGORY,PRICE,ICON_PATH) values (414,'Premium Transparent Presentation Covers by GBC','Binders and Binder Accessories',20.98,'./../../assets/product.ico');
Insert into TESTUSER1.PRODUCT (PRODUCT_ID,PRODUCT_TITLE,PRODUCT_CATEGORY,PRICE,ICON_PATH) values (415,'Pressboard Covers with Storage Hooks, 9 1/2" x 11", Light Blue','Binders and Binder Accessories',4.91,'./../../assets/product.ico');
Insert into TESTUSER1.PRODUCT (PRODUCT_ID,PRODUCT_TITLE,PRODUCT_CATEGORY,PRICE,ICON_PATH) values (416,'Presstex Flexible Ring Binders','Binders and Binder Accessories',4.55,'./../../assets/product.ico');
Insert into TESTUSER1.PRODUCT (PRODUCT_ID,PRODUCT_TITLE,PRODUCT_CATEGORY,PRICE,ICON_PATH) values (417,'Prismacolor Color Pencil Set','Pens & Art Supplies',19.84,'./../../assets/product.ico');
Insert into TESTUSER1.PRODUCT (PRODUCT_ID,PRODUCT_TITLE,PRODUCT_CATEGORY,PRICE,ICON_PATH) values (418,'Project Tote Personal File','Storage & Organization',14.03,'./../../assets/product.ico');
Insert into TESTUSER1.PRODUCT (PRODUCT_ID,PRODUCT_TITLE,PRODUCT_CATEGORY,PRICE,ICON_PATH) values (419,'Recycled Desk Saver Line "While You Were Out" Book, 5 1/2" X 4"','Paper',8.95,'./../../assets/product.ico');
Insert into TESTUSER1.PRODUCT (PRODUCT_ID,PRODUCT_TITLE,PRODUCT_CATEGORY,PRICE,ICON_PATH) values (420,'Recycled Eldon Regeneration Jumbo File','Storage & Organization',12.28,'./../../assets/product.ico');
Insert into TESTUSER1.PRODUCT (PRODUCT_ID,PRODUCT_TITLE,PRODUCT_CATEGORY,PRICE,ICON_PATH) values (421,'Recycled Interoffice Envelopes with String and Button Closure, 10 x 13','Envelopes',23.99,'./../../assets/product.ico');
Insert into TESTUSER1.PRODUCT (PRODUCT_ID,PRODUCT_TITLE,PRODUCT_CATEGORY,PRICE,ICON_PATH) values (422,'Recycled Premium Regency Composition Covers','Binders and Binder Accessories',15.28,'./../../assets/product.ico');
Insert into TESTUSER1.PRODUCT (PRODUCT_ID,PRODUCT_TITLE,PRODUCT_CATEGORY,PRICE,ICON_PATH) values (423,'Recycled Steel Personal File for Standard File Folders','Storage & Organization',55.29,'./../../assets/product.ico');
Insert into TESTUSER1.PRODUCT (PRODUCT_ID,PRODUCT_TITLE,PRODUCT_CATEGORY,PRICE,ICON_PATH) values (424,'Rediform S.O.S. Phone Message Books','Paper',4.98,'./../../assets/product.ico');
Insert into TESTUSER1.PRODUCT (PRODUCT_ID,PRODUCT_TITLE,PRODUCT_CATEGORY,PRICE,ICON_PATH) values (425,'Rediform Wirebound "Phone Memo" Message Book, 11 x 5-3/4','Paper',7.64,'./../../assets/product.ico');
Insert into TESTUSER1.PRODUCT (PRODUCT_ID,PRODUCT_TITLE,PRODUCT_CATEGORY,PRICE,ICON_PATH) values (426,'Revere Boxed Rubber Bands by Revere','Rubber Bands',1.89,'./../../assets/product.ico');
Insert into TESTUSER1.PRODUCT (PRODUCT_ID,PRODUCT_TITLE,PRODUCT_CATEGORY,PRICE,ICON_PATH) values (427,'Riverleaf Stik-Withit? Designer Note Cubes?','Paper',10.06,'./../../assets/product.ico');
Insert into TESTUSER1.PRODUCT (PRODUCT_ID,PRODUCT_TITLE,PRODUCT_CATEGORY,PRICE,ICON_PATH) values (428,'Riverside Palais Royal Lawyers Bookcase, Royale Cherry Finish','Bookcases',880.98,'./../../assets/product.ico');
Insert into TESTUSER1.PRODUCT (PRODUCT_ID,PRODUCT_TITLE,PRODUCT_CATEGORY,PRICE,ICON_PATH) values (430,'Rubbermaid ClusterMat Chairmats, Mat Size- 66" x 60", Lip 20" x 11" -90 Degree Angle','Office Furnishings',110.98,'./../../assets/product.ico');
Insert into TESTUSER1.PRODUCT (PRODUCT_ID,PRODUCT_TITLE,PRODUCT_CATEGORY,PRICE,ICON_PATH) values (431,'Rush Hierlooms Collection Rich Wood Bookcases','Bookcases',160.98,'./../../assets/product.ico');
Insert into TESTUSER1.PRODUCT (PRODUCT_ID,PRODUCT_TITLE,PRODUCT_CATEGORY,PRICE,ICON_PATH) values (433,'SAFCO Commercial Wire Shelving, Black','Storage & Organization',138.14,'./../../assets/product.ico');
Insert into TESTUSER1.PRODUCT (PRODUCT_ID,PRODUCT_TITLE,PRODUCT_CATEGORY,PRICE,ICON_PATH) values (435,'SAFCO Folding Chair Trolley','Chairs & Chairmats',128.24,'./../../assets/product.ico');
Insert into TESTUSER1.PRODUCT (PRODUCT_ID,PRODUCT_TITLE,PRODUCT_CATEGORY,PRICE,ICON_PATH) values (436,'SAFCO Mobile Desk Side File, Wire Frame','Storage & Organization',42.76,'./../../assets/product.ico');
Insert into TESTUSER1.PRODUCT (PRODUCT_ID,PRODUCT_TITLE,PRODUCT_CATEGORY,PRICE,ICON_PATH) values (438,'Sanford 52201 APSCO Electric Pencil Sharpener','Pens & Art Supplies',40.97,'./../../assets/product.ico');
Insert into TESTUSER1.PRODUCT (PRODUCT_ID,PRODUCT_TITLE,PRODUCT_CATEGORY,PRICE,ICON_PATH) values (439,'Sanford Colorific Colored Pencils, 12/Box','Pens & Art Supplies',2.88,'./../../assets/product.ico');
Insert into TESTUSER1.PRODUCT (PRODUCT_ID,PRODUCT_TITLE,PRODUCT_CATEGORY,PRICE,ICON_PATH) values (440,'Sanford Liquid Accent Highlighters','Pens & Art Supplies',6.68,'./../../assets/product.ico');
Insert into TESTUSER1.PRODUCT (PRODUCT_ID,PRODUCT_TITLE,PRODUCT_CATEGORY,PRICE,ICON_PATH) values (442,'SANFORD Major Accent? Highlighters','Pens & Art Supplies',7.08,'./../../assets/product.ico');
Insert into TESTUSER1.PRODUCT (PRODUCT_ID,PRODUCT_TITLE,PRODUCT_CATEGORY,PRICE,ICON_PATH) values (443,'Sanyo 2.5 Cubic Foot Mid-Size Office Refrigerators','Appliances',279.81,'./../../assets/product.ico');
Insert into TESTUSER1.PRODUCT (PRODUCT_ID,PRODUCT_TITLE,PRODUCT_CATEGORY,PRICE,ICON_PATH) values (444,'Satellite Sectional Post Binders','Binders and Binder Accessories',43.41,'./../../assets/product.ico');
Insert into TESTUSER1.PRODUCT (PRODUCT_ID,PRODUCT_TITLE,PRODUCT_CATEGORY,PRICE,ICON_PATH) values (446,'Sauder Facets Collection Locker/File Cabinet, Sky Alder Finish','Storage & Organization',370.98,'./../../assets/product.ico');
Insert into TESTUSER1.PRODUCT (PRODUCT_ID,PRODUCT_TITLE,PRODUCT_CATEGORY,PRICE,ICON_PATH) values (447,'Sauder Forest Hills Library, Woodland Oak Finish','Bookcases',140.98,'./../../assets/product.ico');
Insert into TESTUSER1.PRODUCT (PRODUCT_ID,PRODUCT_TITLE,PRODUCT_CATEGORY,PRICE,ICON_PATH) values (449,'Self-Adhesive Ring Binder Labels','Binders and Binder Accessories',3.52,'./../../assets/product.ico');
Insert into TESTUSER1.PRODUCT (PRODUCT_ID,PRODUCT_TITLE,PRODUCT_CATEGORY,PRICE,ICON_PATH) values (450,'Serrated Blade or Curved Handle Hand Letter Openers','Scissors, Rulers and Trimmers',3.14,'./../../assets/product.ico');
Insert into TESTUSER1.PRODUCT (PRODUCT_ID,PRODUCT_TITLE,PRODUCT_CATEGORY,PRICE,ICON_PATH) values (451,'Seth Thomas 12" Clock w/ Goldtone Case','Office Furnishings',22.98,'./../../assets/product.ico');
Insert into TESTUSER1.PRODUCT (PRODUCT_ID,PRODUCT_TITLE,PRODUCT_CATEGORY,PRICE,ICON_PATH) values (453,'Sharp 1540cs Digital Laser Copier','Copiers and Fax',549.99,'./../../assets/product.ico');
Insert into TESTUSER1.PRODUCT (PRODUCT_ID,PRODUCT_TITLE,PRODUCT_CATEGORY,PRICE,ICON_PATH) values (455,'Sharp EL500L Fraction Calculator','Office Machines',13.99,'./../../assets/product.ico');
Insert into TESTUSER1.PRODUCT (PRODUCT_ID,PRODUCT_TITLE,PRODUCT_CATEGORY,PRICE,ICON_PATH) values (456,'Sharp EL501VB Scientific Calculator, Battery Operated, 10-Digit Display, Hard Case','Office Machines',9.49,'./../../assets/product.ico');
Insert into TESTUSER1.PRODUCT (PRODUCT_ID,PRODUCT_TITLE,PRODUCT_CATEGORY,PRICE,ICON_PATH) values (458,'Snap-A-Way? Black Print Carbonless Speed Message, No Reply Area, Duplicate','Paper',29.14,'./../../assets/product.ico');
Insert into TESTUSER1.PRODUCT (PRODUCT_ID,PRODUCT_TITLE,PRODUCT_CATEGORY,PRICE,ICON_PATH) values (459,'Soundgear Copyboard Conference Phone, Optional Battery','Office Machines',204.1,'./../../assets/product.ico');
Insert into TESTUSER1.PRODUCT (PRODUCT_ID,PRODUCT_TITLE,PRODUCT_CATEGORY,PRICE,ICON_PATH) values (460,'Southworth 25% Cotton Antique Laid Paper & Envelopes','Paper',8.34,'./../../assets/product.ico');
Insert into TESTUSER1.PRODUCT (PRODUCT_ID,PRODUCT_TITLE,PRODUCT_CATEGORY,PRICE,ICON_PATH) values (462,'Speediset Carbonless Redi-Letter? 7" x 8 1/2"','Paper',10.31,'./../../assets/product.ico');
Insert into TESTUSER1.PRODUCT (PRODUCT_ID,PRODUCT_TITLE,PRODUCT_CATEGORY,PRICE,ICON_PATH) values (463,'Spiral Phone Message Books with Labels by Adams','Paper',4.48,'./../../assets/product.ico');
Insert into TESTUSER1.PRODUCT (PRODUCT_ID,PRODUCT_TITLE,PRODUCT_CATEGORY,PRICE,ICON_PATH) values (465,'Staples #10 Laser & Inkjet Envelopes, 4 1/8" x 9 1/2", 100/Box','Envelopes',9.78,'./../../assets/product.ico');
Insert into TESTUSER1.PRODUCT (PRODUCT_ID,PRODUCT_TITLE,PRODUCT_CATEGORY,PRICE,ICON_PATH) values (466,'Staples 6 Outlet Surge','Appliances',11.97,'./../../assets/product.ico');
Insert into TESTUSER1.PRODUCT (PRODUCT_ID,PRODUCT_TITLE,PRODUCT_CATEGORY,PRICE,ICON_PATH) values (467,'Staples Battery-Operated Desktop Pencil Sharpener','Pens & Art Supplies',10.48,'./../../assets/product.ico');
Insert into TESTUSER1.PRODUCT (PRODUCT_ID,PRODUCT_TITLE,PRODUCT_CATEGORY,PRICE,ICON_PATH) values (469,'Staples Colored Bar Computer Paper','Paper',35.44,'./../../assets/product.ico');
Insert into TESTUSER1.PRODUCT (PRODUCT_ID,PRODUCT_TITLE,PRODUCT_CATEGORY,PRICE,ICON_PATH) values (470,'Staples Paper Clips','Rubber Bands',2.47,'./../../assets/product.ico');
Insert into TESTUSER1.PRODUCT (PRODUCT_ID,PRODUCT_TITLE,PRODUCT_CATEGORY,PRICE,ICON_PATH) values (472,'Staples Premium Bright 1-Part Blank Computer Paper','Paper',12.28,'./../../assets/product.ico');
Insert into TESTUSER1.PRODUCT (PRODUCT_ID,PRODUCT_TITLE,PRODUCT_CATEGORY,PRICE,ICON_PATH) values (473,'Staples SlimLine Pencil Sharpener','Pens & Art Supplies',11.97,'./../../assets/product.ico');
Insert into TESTUSER1.PRODUCT (PRODUCT_ID,PRODUCT_TITLE,PRODUCT_CATEGORY,PRICE,ICON_PATH) values (474,'Staples Standard Envelopes','Envelopes',5.68,'./../../assets/product.ico');
Insert into TESTUSER1.PRODUCT (PRODUCT_ID,PRODUCT_TITLE,PRODUCT_CATEGORY,PRICE,ICON_PATH) values (476,'Staples Vinyl Coated Paper Clips, 800/Box','Rubber Bands',7.89,'./../../assets/product.ico');
Insert into TESTUSER1.PRODUCT (PRODUCT_ID,PRODUCT_TITLE,PRODUCT_CATEGORY,PRICE,ICON_PATH) values (477,'Staples Wirebound Steno Books, 6" x 9", 12/Pack','Paper',10.14,'./../../assets/product.ico');
Insert into TESTUSER1.PRODUCT (PRODUCT_ID,PRODUCT_TITLE,PRODUCT_CATEGORY,PRICE,ICON_PATH) values (479,'Sterling Rubber Bands by Alliance','Rubber Bands',4.71,'./../../assets/product.ico');
Insert into TESTUSER1.PRODUCT (PRODUCT_ID,PRODUCT_TITLE,PRODUCT_CATEGORY,PRICE,ICON_PATH) values (480,'Stockwell Push Pins','Rubber Bands',2.18,'./../../assets/product.ico');
Insert into TESTUSER1.PRODUCT (PRODUCT_ID,PRODUCT_TITLE,PRODUCT_CATEGORY,PRICE,ICON_PATH) values (481,'Strathmore #10 Envelopes, Ultimate White','Envelopes',52.71,'./../../assets/product.ico');
Insert into TESTUSER1.PRODUCT (PRODUCT_ID,PRODUCT_TITLE,PRODUCT_CATEGORY,PRICE,ICON_PATH) values (483,'Super Bands, 12/Pack','Rubber Bands',1.86,'./../../assets/product.ico');
Insert into TESTUSER1.PRODUCT (PRODUCT_ID,PRODUCT_TITLE,PRODUCT_CATEGORY,PRICE,ICON_PATH) values (485,'TDK 4.7GB DVD-R','Computer Peripherals',10.01,'./../../assets/product.ico');
Insert into TESTUSER1.PRODUCT (PRODUCT_ID,PRODUCT_TITLE,PRODUCT_CATEGORY,PRICE,ICON_PATH) values (486,'TDK 4.7GB DVD+RW','Computer Peripherals',14.48,'./../../assets/product.ico');
Insert into TESTUSER1.PRODUCT (PRODUCT_ID,PRODUCT_TITLE,PRODUCT_CATEGORY,PRICE,ICON_PATH) values (488,'Telescoping Adjustable Floor Lamp','Office Furnishings',19.99,'./../../assets/product.ico');
Insert into TESTUSER1.PRODUCT (PRODUCT_ID,PRODUCT_TITLE,PRODUCT_CATEGORY,PRICE,ICON_PATH) values (489,'Tenex 46" x 60" Computer Anti-Static Chairmat, Rectangular Shaped','Office Furnishings',105.98,'./../../assets/product.ico');
Insert into TESTUSER1.PRODUCT (PRODUCT_ID,PRODUCT_TITLE,PRODUCT_CATEGORY,PRICE,ICON_PATH) values (490,'Tenex B1-RE Series Chair Mats for Low Pile Carpets','Office Furnishings',45.98,'./../../assets/product.ico');
Insert into TESTUSER1.PRODUCT (PRODUCT_ID,PRODUCT_TITLE,PRODUCT_CATEGORY,PRICE,ICON_PATH) values (492,'Tenex Contemporary Contur Chairmats for Low and Medium Pile Carpet, Computer, 39" x 49"','Office Furnishings',107.53,'./../../assets/product.ico');
Insert into TESTUSER1.PRODUCT (PRODUCT_ID,PRODUCT_TITLE,PRODUCT_CATEGORY,PRICE,ICON_PATH) values (493,'Tenex File Box, Personal Filing Tote with Lid, Black','Storage & Organization',15.51,'./../../assets/product.ico');
Insert into TESTUSER1.PRODUCT (PRODUCT_ID,PRODUCT_TITLE,PRODUCT_CATEGORY,PRICE,ICON_PATH) values (1,'*Staples* Highlighting Markers','Pens & Art Supplies',4.84,'./../../assets/product.ico');
Insert into TESTUSER1.PRODUCT (PRODUCT_ID,PRODUCT_TITLE,PRODUCT_CATEGORY,PRICE,ICON_PATH) values (2,'*Staples* Letter Opener','Scissors, Rulers and Trimmers',2.18,'./../../assets/product.ico');
Insert into TESTUSER1.PRODUCT (PRODUCT_ID,PRODUCT_TITLE,PRODUCT_CATEGORY,PRICE,ICON_PATH) values (3,'*Staples* Packaging Labels','Labels',2.89,'./../../assets/product.ico');
Insert into TESTUSER1.PRODUCT (PRODUCT_ID,PRODUCT_TITLE,PRODUCT_CATEGORY,PRICE,ICON_PATH) values (4,'*Staples* vLetter Openers, 2/Pack','Scissors, Rulers and Trimmers',3.68,'./../../assets/product.ico');
Insert into TESTUSER1.PRODUCT (PRODUCT_ID,PRODUCT_TITLE,PRODUCT_CATEGORY,PRICE,ICON_PATH) values (5,'#10 Self-Seal White Envelopes','Envelopes',11.09,'./../../assets/product.ico');
Insert into TESTUSER1.PRODUCT (PRODUCT_ID,PRODUCT_TITLE,PRODUCT_CATEGORY,PRICE,ICON_PATH) values (6,'#10 White Business Envelopes,4 1/8 x 9 1/2','Envelopes',15.67,'./../../assets/product.ico');
Insert into TESTUSER1.PRODUCT (PRODUCT_ID,PRODUCT_TITLE,PRODUCT_CATEGORY,PRICE,ICON_PATH) values (7,'#10- 4 1/8" x 9 1/2" Recycled Envelopes','Envelopes',8.74,'./../../assets/product.ico');
Insert into TESTUSER1.PRODUCT (PRODUCT_ID,PRODUCT_TITLE,PRODUCT_CATEGORY,PRICE,ICON_PATH) values (8,'#10- 4 1/8" x 9 1/2" Security-Tint Envelopes','Envelopes',7.64,'./../../assets/product.ico');
Insert into TESTUSER1.PRODUCT (PRODUCT_ID,PRODUCT_TITLE,PRODUCT_CATEGORY,PRICE,ICON_PATH) values (9,'#10-4 1/8" x 9 1/2" Premium Diagonal Seam Envelopes','Envelopes',15.74,'./../../assets/product.ico');
Insert into TESTUSER1.PRODUCT (PRODUCT_ID,PRODUCT_TITLE,PRODUCT_CATEGORY,PRICE,ICON_PATH) values (10,'1.7 Cubic Foot Compact "Cube" Office Refrigerators','Appliances',208.16,'./../../assets/product.ico');
Insert into TESTUSER1.PRODUCT (PRODUCT_ID,PRODUCT_TITLE,PRODUCT_CATEGORY,PRICE,ICON_PATH) values (11,'12 Colored Short Pencils','Pens & Art Supplies',2.6,'./../../assets/product.ico');
Insert into TESTUSER1.PRODUCT (PRODUCT_ID,PRODUCT_TITLE,PRODUCT_CATEGORY,PRICE,ICON_PATH) values (12,'12-1/2 Diameter Round Wall Clock','Office Furnishings',19.98,'./../../assets/product.ico');
Insert into TESTUSER1.PRODUCT (PRODUCT_ID,PRODUCT_TITLE,PRODUCT_CATEGORY,PRICE,ICON_PATH) values (13,'24 Capacity Maxi Data Binder Racks, Pearl','Storage & Organization',210.55,'./../../assets/product.ico');
Insert into TESTUSER1.PRODUCT (PRODUCT_ID,PRODUCT_TITLE,PRODUCT_CATEGORY,PRICE,ICON_PATH) values (14,'3M Hangers With Command Adhesive','Office Furnishings',3.7,'./../../assets/product.ico');
Insert into TESTUSER1.PRODUCT (PRODUCT_ID,PRODUCT_TITLE,PRODUCT_CATEGORY,PRICE,ICON_PATH) values (15,'3M Office Air Cleaner','Appliances',25.98,'./../../assets/product.ico');
Insert into TESTUSER1.PRODUCT (PRODUCT_ID,PRODUCT_TITLE,PRODUCT_CATEGORY,PRICE,ICON_PATH) values (16,'3M Organizer Strips','Binders and Binder Accessories',5.4,'./../../assets/product.ico');
Insert into TESTUSER1.PRODUCT (PRODUCT_ID,PRODUCT_TITLE,PRODUCT_CATEGORY,PRICE,ICON_PATH) values (17,'3M Polarizing Task Lamp with Clamp Arm, Light Gray','Office Furnishings',136.98,'./../../assets/product.ico');
Insert into TESTUSER1.PRODUCT (PRODUCT_ID,PRODUCT_TITLE,PRODUCT_CATEGORY,PRICE,ICON_PATH) values (18,'80 Minute CD-R Spindle, 100/Pack - Staples','Computer Peripherals',39.48,'./../../assets/product.ico');
Insert into TESTUSER1.PRODUCT (PRODUCT_ID,PRODUCT_TITLE,PRODUCT_CATEGORY,PRICE,ICON_PATH) values (19,'80 Minute Slim Jewel Case CD-R , 10/Pack - Staples','Computer Peripherals',8.33,'./../../assets/product.ico');
Insert into TESTUSER1.PRODUCT (PRODUCT_ID,PRODUCT_TITLE,PRODUCT_CATEGORY,PRICE,ICON_PATH) values (20,'9-3/4 Diameter Round Wall Clock','Office Furnishings',13.79,'./../../assets/product.ico');
Insert into TESTUSER1.PRODUCT (PRODUCT_ID,PRODUCT_TITLE,PRODUCT_CATEGORY,PRICE,ICON_PATH) values (21,'Acco Perma? 2700 Stacking Storage Drawers','Storage & Organization',29.74,'./../../assets/product.ico');
Insert into TESTUSER1.PRODUCT (PRODUCT_ID,PRODUCT_TITLE,PRODUCT_CATEGORY,PRICE,ICON_PATH) values (22,'Acco Perma? 3000 Stacking Storage Drawers','Storage & Organization',20.98,'./../../assets/product.ico');
Insert into TESTUSER1.PRODUCT (PRODUCT_ID,PRODUCT_TITLE,PRODUCT_CATEGORY,PRICE,ICON_PATH) values (23,'Acco Pressboard Covers with Storage Hooks, 14 7/8" x 11", Dark Blue','Binders and Binder Accessories',3.81,'./../../assets/product.ico');
Insert into TESTUSER1.PRODUCT (PRODUCT_ID,PRODUCT_TITLE,PRODUCT_CATEGORY,PRICE,ICON_PATH) values (24,'Acco Smartsocket? Table Surge Protector, 6 Color-Coded Adapter Outlets','Appliances',62.05,'./../../assets/product.ico');
Insert into TESTUSER1.PRODUCT (PRODUCT_ID,PRODUCT_TITLE,PRODUCT_CATEGORY,PRICE,ICON_PATH) values (25,'Acco Suede Grain Vinyl Round Ring Binder','Binders and Binder Accessories',2.78,'./../../assets/product.ico');
Insert into TESTUSER1.PRODUCT (PRODUCT_ID,PRODUCT_TITLE,PRODUCT_CATEGORY,PRICE,ICON_PATH) values (26,'ACCOHIDE? 3-Ring Binder, Blue, 1"','Binders and Binder Accessories',4.13,'./../../assets/product.ico');
Insert into TESTUSER1.PRODUCT (PRODUCT_ID,PRODUCT_TITLE,PRODUCT_CATEGORY,PRICE,ICON_PATH) values (27,'ACCOHIDE? Binder by Acco','Binders and Binder Accessories',4.13,'./../../assets/product.ico');
Insert into TESTUSER1.PRODUCT (PRODUCT_ID,PRODUCT_TITLE,PRODUCT_CATEGORY,PRICE,ICON_PATH) values (28,'Acco? Hot Clips? Clips to Go','Rubber Bands',3.29,'./../../assets/product.ico');
Insert into TESTUSER1.PRODUCT (PRODUCT_ID,PRODUCT_TITLE,PRODUCT_CATEGORY,PRICE,ICON_PATH) values (29,'Acme Design Line 8" Stainless Steel Bent Scissors w/Champagne Handles, 3-1/8" Cut','Scissors, Rulers and Trimmers',6.84,'./../../assets/product.ico');
Insert into TESTUSER1.PRODUCT (PRODUCT_ID,PRODUCT_TITLE,PRODUCT_CATEGORY,PRICE,ICON_PATH) values (30,'Acme Hot Forged Carbon Steel Scissors with Nickel-Plated Handles, 3 7/8" Cut, 8"L','Scissors, Rulers and Trimmers',13.9,'./../../assets/product.ico');
Insert into TESTUSER1.PRODUCT (PRODUCT_ID,PRODUCT_TITLE,PRODUCT_CATEGORY,PRICE,ICON_PATH) values (31,'Acme? 8" Straight Scissors','Scissors, Rulers and Trimmers',12.98,'./../../assets/product.ico');
Insert into TESTUSER1.PRODUCT (PRODUCT_ID,PRODUCT_TITLE,PRODUCT_CATEGORY,PRICE,ICON_PATH) values (33,'Adams Telephone Message Book W/Dividers/Space For Phone Numbers, 5 1/4"X8 1/2", 300/Messages','Paper',5.88,'./../../assets/product.ico');
Insert into TESTUSER1.PRODUCT (PRODUCT_ID,PRODUCT_TITLE,PRODUCT_CATEGORY,PRICE,ICON_PATH) values (34,'Adams Telephone Message Book w/Frequently-Called Numbers Space, 400 Messages per Book','Paper',7.98,'./../../assets/product.ico');
Insert into TESTUSER1.PRODUCT (PRODUCT_ID,PRODUCT_TITLE,PRODUCT_CATEGORY,PRICE,ICON_PATH) values (35,'Adams Write n'' Stick Phone Message Book, 11" X 5 1/4", 200 Messages','Paper',5.68,'./../../assets/product.ico');
Insert into TESTUSER1.PRODUCT (PRODUCT_ID,PRODUCT_TITLE,PRODUCT_CATEGORY,PRICE,ICON_PATH) values (37,'Advantus Employee of the Month Certificate Frame, 11 x 13-1/2','Office Furnishings',30.93,'./../../assets/product.ico');
Insert into TESTUSER1.PRODUCT (PRODUCT_ID,PRODUCT_TITLE,PRODUCT_CATEGORY,PRICE,ICON_PATH) values (38,'Advantus Map Pennant Flags and Round Head Tacks','Rubber Bands',3.95,'./../../assets/product.ico');
Insert into TESTUSER1.PRODUCT (PRODUCT_ID,PRODUCT_TITLE,PRODUCT_CATEGORY,PRICE,ICON_PATH) values (40,'Airmail Envelopes','Envelopes',83.93,'./../../assets/product.ico');
Insert into TESTUSER1.PRODUCT (PRODUCT_ID,PRODUCT_TITLE,PRODUCT_CATEGORY,PRICE,ICON_PATH) values (41,'Aluminum Document Frame','Office Furnishings',12.22,'./../../assets/product.ico');
Insert into TESTUSER1.PRODUCT (PRODUCT_ID,PRODUCT_TITLE,PRODUCT_CATEGORY,PRICE,ICON_PATH) values (43,'Angle-D Binders with Locking Rings, Label Holders','Binders and Binder Accessories',7.3,'./../../assets/product.ico');
Insert into TESTUSER1.PRODUCT (PRODUCT_ID,PRODUCT_TITLE,PRODUCT_CATEGORY,PRICE,ICON_PATH) values (44,'APC 7 Outlet Network SurgeArrest Surge Protector','Appliances',80.48,'./../../assets/product.ico');
Insert into TESTUSER1.PRODUCT (PRODUCT_ID,PRODUCT_TITLE,PRODUCT_CATEGORY,PRICE,ICON_PATH) values (46,'Array? Parchment Paper, Assorted Colors','Paper',7.28,'./../../assets/product.ico');
Insert into TESTUSER1.PRODUCT (PRODUCT_ID,PRODUCT_TITLE,PRODUCT_CATEGORY,PRICE,ICON_PATH) values (48,'AT&T 2230 Dual Handset Phone With Caller ID/Call Waiting','Office Machines',99.99,'./../../assets/product.ico');
Insert into TESTUSER1.PRODUCT (PRODUCT_ID,PRODUCT_TITLE,PRODUCT_CATEGORY,PRICE,ICON_PATH) values (50,'Atlantic Metals Mobile 3-Shelf Bookcases, Custom Colors','Bookcases',260.98,'./../../assets/product.ico');
Insert into TESTUSER1.PRODUCT (PRODUCT_ID,PRODUCT_TITLE,PRODUCT_CATEGORY,PRICE,ICON_PATH) values (51,'Atlantic Metals Mobile 5-Shelf Bookcases, Custom Colors','Bookcases',300.98,'./../../assets/product.ico');
Insert into TESTUSER1.PRODUCT (PRODUCT_ID,PRODUCT_TITLE,PRODUCT_CATEGORY,PRICE,ICON_PATH) values (53,'Avery 4027 File Folder Labels for Dot Matrix Printers, 5000 Labels per Box, White','Labels',30.53,'./../../assets/product.ico');
Insert into TESTUSER1.PRODUCT (PRODUCT_ID,PRODUCT_TITLE,PRODUCT_CATEGORY,PRICE,ICON_PATH) values (54,'Avery 474','Labels',2.88,'./../../assets/product.ico');
Insert into TESTUSER1.PRODUCT (PRODUCT_ID,PRODUCT_TITLE,PRODUCT_CATEGORY,PRICE,ICON_PATH) values (56,'Avery 479','Labels',2.61,'./../../assets/product.ico');
Insert into TESTUSER1.PRODUCT (PRODUCT_ID,PRODUCT_TITLE,PRODUCT_CATEGORY,PRICE,ICON_PATH) values (59,'Avery 487','Labels',3.69,'./../../assets/product.ico');
Insert into TESTUSER1.PRODUCT (PRODUCT_ID,PRODUCT_TITLE,PRODUCT_CATEGORY,PRICE,ICON_PATH) values (62,'Avery 492','Labels',2.88,'./../../assets/product.ico');
Insert into TESTUSER1.PRODUCT (PRODUCT_ID,PRODUCT_TITLE,PRODUCT_CATEGORY,PRICE,ICON_PATH) values (64,'Avery 494','Labels',2.61,'./../../assets/product.ico');
Insert into TESTUSER1.PRODUCT (PRODUCT_ID,PRODUCT_TITLE,PRODUCT_CATEGORY,PRICE,ICON_PATH) values (67,'Avery 506','Labels',4.13,'./../../assets/product.ico');
Insert into TESTUSER1.PRODUCT (PRODUCT_ID,PRODUCT_TITLE,PRODUCT_CATEGORY,PRICE,ICON_PATH) values (69,'Avery 51','Labels',6.3,'./../../assets/product.ico');
Insert into TESTUSER1.PRODUCT (PRODUCT_ID,PRODUCT_TITLE,PRODUCT_CATEGORY,PRICE,ICON_PATH) values (72,'Avery 520','Labels',3.15,'./../../assets/product.ico');
Insert into TESTUSER1.PRODUCT (PRODUCT_ID,PRODUCT_TITLE,PRODUCT_CATEGORY,PRICE,ICON_PATH) values (74,'Avery Binder Labels','Binders and Binder Accessories',3.89,'./../../assets/product.ico');
Insert into TESTUSER1.PRODUCT (PRODUCT_ID,PRODUCT_TITLE,PRODUCT_CATEGORY,PRICE,ICON_PATH) values (75,'Avery Durable Binders','Binders and Binder Accessories',2.88,'./../../assets/product.ico');
Insert into TESTUSER1.PRODUCT (PRODUCT_ID,PRODUCT_TITLE,PRODUCT_CATEGORY,PRICE,ICON_PATH) values (77,'Avery Flip-Chart Easel Binder, Black','Binders and Binder Accessories',22.38,'./../../assets/product.ico');
Insert into TESTUSER1.PRODUCT (PRODUCT_ID,PRODUCT_TITLE,PRODUCT_CATEGORY,PRICE,ICON_PATH) values (78,'Avery Hi-Liter? Fluorescent Desk Style Markers','Pens & Art Supplies',3.38,'./../../assets/product.ico');
Insert into TESTUSER1.PRODUCT (PRODUCT_ID,PRODUCT_TITLE,PRODUCT_CATEGORY,PRICE,ICON_PATH) values (80,'Avery Poly Binder Pockets','Binders and Binder Accessories',3.58,'./../../assets/product.ico');
Insert into TESTUSER1.PRODUCT (PRODUCT_ID,PRODUCT_TITLE,PRODUCT_CATEGORY,PRICE,ICON_PATH) values (81,'Avery Trapezoid Extra Heavy Duty 4" Binders','Binders and Binder Accessories',41.94,'./../../assets/product.ico');
Insert into TESTUSER1.PRODUCT (PRODUCT_ID,PRODUCT_TITLE,PRODUCT_CATEGORY,PRICE,ICON_PATH) values (83,'Avery White Multi-Purpose Labels','Labels',4.98,'./../../assets/product.ico');
Insert into TESTUSER1.PRODUCT (PRODUCT_ID,PRODUCT_TITLE,PRODUCT_CATEGORY,PRICE,ICON_PATH) values (84,'Bagged Rubber Bands','Rubber Bands',1.26,'./../../assets/product.ico');
Insert into TESTUSER1.PRODUCT (PRODUCT_ID,PRODUCT_TITLE,PRODUCT_CATEGORY,PRICE,ICON_PATH) values (85,'Barrel Sharpener','Pens & Art Supplies',3.57,'./../../assets/product.ico');
Insert into TESTUSER1.PRODUCT (PRODUCT_ID,PRODUCT_TITLE,PRODUCT_CATEGORY,PRICE,ICON_PATH) values (87,'Barricks Non-Folding Utility Table with Steel Legs, Laminate Tops','Tables',85.29,'./../../assets/product.ico');
Insert into TESTUSER1.PRODUCT (PRODUCT_ID,PRODUCT_TITLE,PRODUCT_CATEGORY,PRICE,ICON_PATH) values (88,'Belkin 105-Key Black Keyboard','Computer Peripherals',19.98,'./../../assets/product.ico');
Insert into TESTUSER1.PRODUCT (PRODUCT_ID,PRODUCT_TITLE,PRODUCT_CATEGORY,PRICE,ICON_PATH) values (89,'Belkin 107-key enhanced keyboard, USB/PS/2 interface','Computer Peripherals',17.98,'./../../assets/product.ico');
Insert into TESTUSER1.PRODUCT (PRODUCT_ID,PRODUCT_TITLE,PRODUCT_CATEGORY,PRICE,ICON_PATH) values (91,'Belkin 8 Outlet Surge Protector','Appliances',40.98,'./../../assets/product.ico');
Insert into TESTUSER1.PRODUCT (PRODUCT_ID,PRODUCT_TITLE,PRODUCT_CATEGORY,PRICE,ICON_PATH) values (92,'Belkin 8 Outlet SurgeMaster II Gold Surge Protector','Appliances',59.98,'./../../assets/product.ico');
Insert into TESTUSER1.PRODUCT (PRODUCT_ID,PRODUCT_TITLE,PRODUCT_CATEGORY,PRICE,ICON_PATH) values (94,'Belkin MediaBoard 104- Keyboard','Computer Peripherals',27.48,'./../../assets/product.ico');
Insert into TESTUSER1.PRODUCT (PRODUCT_ID,PRODUCT_TITLE,PRODUCT_CATEGORY,PRICE,ICON_PATH) values (95,'Berol Giant Pencil Sharpener','Pens & Art Supplies',16.99,'./../../assets/product.ico');
Insert into TESTUSER1.PRODUCT (PRODUCT_ID,PRODUCT_TITLE,PRODUCT_CATEGORY,PRICE,ICON_PATH) values (97,'Bevis Boat-Shaped Conference Table','Tables',262.11,'./../../assets/product.ico');
Insert into TESTUSER1.PRODUCT (PRODUCT_ID,PRODUCT_TITLE,PRODUCT_CATEGORY,PRICE,ICON_PATH) values (99,'Bevis Round Conference Room Tables and Bases','Tables',179.29,'./../../assets/product.ico');
Insert into TESTUSER1.PRODUCT (PRODUCT_ID,PRODUCT_TITLE,PRODUCT_CATEGORY,PRICE,ICON_PATH) values (100,'Bevis Round Conference Table Top & Single Column Base','Tables',146.34,'./../../assets/product.ico');
Insert into TESTUSER1.PRODUCT (PRODUCT_ID,PRODUCT_TITLE,PRODUCT_CATEGORY,PRICE,ICON_PATH) values (102,'Bevis Steel Folding Chairs','Chairs & Chairmats',95.95,'./../../assets/product.ico');
Insert into TESTUSER1.PRODUCT (PRODUCT_ID,PRODUCT_TITLE,PRODUCT_CATEGORY,PRICE,ICON_PATH) values (103,'Binder Clips by OIC','Rubber Bands',1.48,'./../../assets/product.ico');
Insert into TESTUSER1.PRODUCT (PRODUCT_ID,PRODUCT_TITLE,PRODUCT_CATEGORY,PRICE,ICON_PATH) values (105,'Bionaire Personal Warm Mist Humidifier/Vaporizer','Appliances',46.89,'./../../assets/product.ico');
Insert into TESTUSER1.PRODUCT (PRODUCT_ID,PRODUCT_TITLE,PRODUCT_CATEGORY,PRICE,ICON_PATH) values (107,'Boston 16765 Mini Stand Up Battery Pencil Sharpener','Pens & Art Supplies',11.66,'./../../assets/product.ico');
Insert into TESTUSER1.PRODUCT (PRODUCT_ID,PRODUCT_TITLE,PRODUCT_CATEGORY,PRICE,ICON_PATH) values (108,'Boston 1730 StandUp Electric Pencil Sharpener','Pens & Art Supplies',21.38,'./../../assets/product.ico');
Insert into TESTUSER1.PRODUCT (PRODUCT_ID,PRODUCT_TITLE,PRODUCT_CATEGORY,PRICE,ICON_PATH) values (109,'Boston 19500 Mighty Mite Electric Pencil Sharpener','Pens & Art Supplies',20.15,'./../../assets/product.ico');
Insert into TESTUSER1.PRODUCT (PRODUCT_ID,PRODUCT_TITLE,PRODUCT_CATEGORY,PRICE,ICON_PATH) values (111,'Boston KS Multi-Size Manual Pencil Sharpener','Pens & Art Supplies',22.99,'./../../assets/product.ico');
Insert into TESTUSER1.PRODUCT (PRODUCT_ID,PRODUCT_TITLE,PRODUCT_CATEGORY,PRICE,ICON_PATH) values (112,'BoxOffice By Design Rectangular and Half-Moon Meeting Room Tables','Tables',218.75,'./../../assets/product.ico');
Insert into TESTUSER1.PRODUCT (PRODUCT_ID,PRODUCT_TITLE,PRODUCT_CATEGORY,PRICE,ICON_PATH) values (113,'Bretford CR4500 Series Slim Rectangular Table','Tables',348.21,'./../../assets/product.ico');
Insert into TESTUSER1.PRODUCT (PRODUCT_ID,PRODUCT_TITLE,PRODUCT_CATEGORY,PRICE,ICON_PATH) values (114,'Bretford Rectangular Conference Table Tops','Tables',376.13,'./../../assets/product.ico');
Insert into TESTUSER1.PRODUCT (PRODUCT_ID,PRODUCT_TITLE,PRODUCT_CATEGORY,PRICE,ICON_PATH) values (115,'Bretford ?Just In Time? Height-Adjustable Multi-Task Work Tables','Tables',417.4,'./../../assets/product.ico');
Insert into TESTUSER1.PRODUCT (PRODUCT_ID,PRODUCT_TITLE,PRODUCT_CATEGORY,PRICE,ICON_PATH) values (116,'Brown Kraft Recycled Envelopes','Envelopes',16.98,'./../../assets/product.ico');
Insert into TESTUSER1.PRODUCT (PRODUCT_ID,PRODUCT_TITLE,PRODUCT_CATEGORY,PRICE,ICON_PATH) values (117,'Bush Advantage Collection? Racetrack Conference Table','Tables',424.21,'./../../assets/product.ico');
Insert into TESTUSER1.PRODUCT (PRODUCT_ID,PRODUCT_TITLE,PRODUCT_CATEGORY,PRICE,ICON_PATH) values (118,'Bush Heritage Pine Collection 5-Shelf Bookcase, Albany Pine Finish, *Special Order','Bookcases',140.98,'./../../assets/product.ico');
Insert into TESTUSER1.PRODUCT (PRODUCT_ID,PRODUCT_TITLE,PRODUCT_CATEGORY,PRICE,ICON_PATH) values (119,'Bush Mission Pointe Library','Bookcases',150.98,'./../../assets/product.ico');
Insert into TESTUSER1.PRODUCT (PRODUCT_ID,PRODUCT_TITLE,PRODUCT_CATEGORY,PRICE,ICON_PATH) values (120,'Bush Westfield Collection Bookcases, Dark Cherry Finish, Fully Assembled','Bookcases',100.98,'./../../assets/product.ico');
Insert into TESTUSER1.PRODUCT (PRODUCT_ID,PRODUCT_TITLE,PRODUCT_CATEGORY,PRICE,ICON_PATH) values (121,'Bush Westfield Collection Bookcases, Fully Assembled','Bookcases',100.98,'./../../assets/product.ico');
Insert into TESTUSER1.PRODUCT (PRODUCT_ID,PRODUCT_TITLE,PRODUCT_CATEGORY,PRICE,ICON_PATH) values (122,'C-Line Cubicle Keepers Polyproplyene Holder w/Velcro? Back, 8-1/2x11, 25/Bx','Office Furnishings',54.74,'./../../assets/product.ico');
Insert into TESTUSER1.PRODUCT (PRODUCT_ID,PRODUCT_TITLE,PRODUCT_CATEGORY,PRICE,ICON_PATH) values (123,'Canon BP1200DH 12-Digit Bubble Jet Printing Calculator','Office Machines',120.97,'./../../assets/product.ico');
Insert into TESTUSER1.PRODUCT (PRODUCT_ID,PRODUCT_TITLE,PRODUCT_CATEGORY,PRICE,ICON_PATH) values (124,'Canon Image Class D660 Copier','Copiers and Fax',599.99,'./../../assets/product.ico');
Insert into TESTUSER1.PRODUCT (PRODUCT_ID,PRODUCT_TITLE,PRODUCT_CATEGORY,PRICE,ICON_PATH) values (125,'Canon imageCLASS 2200 Advanced Copier','Copiers and Fax',3499.99,'./../../assets/product.ico');
Insert into TESTUSER1.PRODUCT (PRODUCT_ID,PRODUCT_TITLE,PRODUCT_CATEGORY,PRICE,ICON_PATH) values (126,'Canon MP100DHII Printing Calculator','Office Machines',140.99,'./../../assets/product.ico');
Insert into TESTUSER1.PRODUCT (PRODUCT_ID,PRODUCT_TITLE,PRODUCT_CATEGORY,PRICE,ICON_PATH) values (127,'Canon MP41DH Printing Calculator','Office Machines',150.98,'./../../assets/product.ico');
Insert into TESTUSER1.PRODUCT (PRODUCT_ID,PRODUCT_TITLE,PRODUCT_CATEGORY,PRICE,ICON_PATH) values (128,'Canon P1-DHIII Palm Printing Calculator','Office Machines',17.98,'./../../assets/product.ico');
Insert into TESTUSER1.PRODUCT (PRODUCT_ID,PRODUCT_TITLE,PRODUCT_CATEGORY,PRICE,ICON_PATH) values (129,'Canon PC-428 Personal Copier','Copiers and Fax',199.99,'./../../assets/product.ico');
Insert into TESTUSER1.PRODUCT (PRODUCT_ID,PRODUCT_TITLE,PRODUCT_CATEGORY,PRICE,ICON_PATH) values (130,'Canon PC1060 Personal Laser Copier','Copiers and Fax',699.99,'./../../assets/product.ico');
Insert into TESTUSER1.PRODUCT (PRODUCT_ID,PRODUCT_TITLE,PRODUCT_CATEGORY,PRICE,ICON_PATH) values (131,'Canon PC940 Copier','Copiers and Fax',449.99,'./../../assets/product.ico');
Insert into TESTUSER1.PRODUCT (PRODUCT_ID,PRODUCT_TITLE,PRODUCT_CATEGORY,PRICE,ICON_PATH) values (132,'Canon S750 Color Inkjet Printer','Office Machines',120.97,'./../../assets/product.ico');
Insert into TESTUSER1.PRODUCT (PRODUCT_ID,PRODUCT_TITLE,PRODUCT_CATEGORY,PRICE,ICON_PATH) values (133,'Cardinal Holdit Business Card Pockets','Binders and Binder Accessories',4.98,'./../../assets/product.ico');
Insert into TESTUSER1.PRODUCT (PRODUCT_ID,PRODUCT_TITLE,PRODUCT_CATEGORY,PRICE,ICON_PATH) values (134,'Cardinal Poly Pocket Divider Pockets for Ring Binders','Binders and Binder Accessories',3.36,'./../../assets/product.ico');
Insert into TESTUSER1.PRODUCT (PRODUCT_ID,PRODUCT_TITLE,PRODUCT_CATEGORY,PRICE,ICON_PATH) values (135,'Cardinal Slant-D? Ring Binder, Heavy Gauge Vinyl','Binders and Binder Accessories',8.69,'./../../assets/product.ico');
Insert into TESTUSER1.PRODUCT (PRODUCT_ID,PRODUCT_TITLE,PRODUCT_CATEGORY,PRICE,ICON_PATH) values (136,'Carina Double Wide Media Storage Towers in Natural & Black','Storage & Organization',80.98,'./../../assets/product.ico');
Insert into TESTUSER1.PRODUCT (PRODUCT_ID,PRODUCT_TITLE,PRODUCT_CATEGORY,PRICE,ICON_PATH) values (137,'Catalog Binders with Expanding Posts','Binders and Binder Accessories',67.28,'./../../assets/product.ico');
Insert into TESTUSER1.PRODUCT (PRODUCT_ID,PRODUCT_TITLE,PRODUCT_CATEGORY,PRICE,ICON_PATH) values (138,'Chromcraft Bull-Nose Wood 48" x 96" Rectangular Conference Tables','Tables',550.98,'./../../assets/product.ico');
Insert into TESTUSER1.PRODUCT (PRODUCT_ID,PRODUCT_TITLE,PRODUCT_CATEGORY,PRICE,ICON_PATH) values (139,'Col-Erase? Pencils with Erasers','Pens & Art Supplies',6.08,'./../../assets/product.ico');
Insert into TESTUSER1.PRODUCT (PRODUCT_ID,PRODUCT_TITLE,PRODUCT_CATEGORY,PRICE,ICON_PATH) values (140,'Colored Envelopes','Envelopes',3.69,'./../../assets/product.ico');
Insert into TESTUSER1.PRODUCT (PRODUCT_ID,PRODUCT_TITLE,PRODUCT_CATEGORY,PRICE,ICON_PATH) values (142,'Colorific? Watercolor Pencils','Pens & Art Supplies',5.16,'./../../assets/product.ico');
Insert into TESTUSER1.PRODUCT (PRODUCT_ID,PRODUCT_TITLE,PRODUCT_CATEGORY,PRICE,ICON_PATH) values (143,'Computer Printout Paper with Letter-Trim Perforations','Paper',18.97,'./../../assets/product.ico');
Insert into TESTUSER1.PRODUCT (PRODUCT_ID,PRODUCT_TITLE,PRODUCT_CATEGORY,PRICE,ICON_PATH) values (145,'Crate-A-Files?','Storage & Organization',10.9,'./../../assets/product.ico');
Insert into TESTUSER1.PRODUCT (PRODUCT_ID,PRODUCT_TITLE,PRODUCT_CATEGORY,PRICE,ICON_PATH) values (146,'Dana Halogen Swing-Arm Architect Lamp','Office Furnishings',40.97,'./../../assets/product.ico');
Insert into TESTUSER1.PRODUCT (PRODUCT_ID,PRODUCT_TITLE,PRODUCT_CATEGORY,PRICE,ICON_PATH) values (147,'Dana Swing-Arm Lamps','Office Furnishings',10.68,'./../../assets/product.ico');
Insert into TESTUSER1.PRODUCT (PRODUCT_ID,PRODUCT_TITLE,PRODUCT_CATEGORY,PRICE,ICON_PATH) values (149,'DAX Contemporary Wood Frame with Silver Metal Mat, Desktop, 11 x 14 Size','Office Furnishings',20.24,'./../../assets/product.ico');
Insert into TESTUSER1.PRODUCT (PRODUCT_ID,PRODUCT_TITLE,PRODUCT_CATEGORY,PRICE,ICON_PATH) values (150,'DAX Copper Panel Document Frame, 5 x 7 Size','Office Furnishings',12.58,'./../../assets/product.ico');
Insert into TESTUSER1.PRODUCT (PRODUCT_ID,PRODUCT_TITLE,PRODUCT_CATEGORY,PRICE,ICON_PATH) values (152,'DAX Natural Wood-Tone Poster Frame','Office Furnishings',26.48,'./../../assets/product.ico');
Insert into TESTUSER1.PRODUCT (PRODUCT_ID,PRODUCT_TITLE,PRODUCT_CATEGORY,PRICE,ICON_PATH) values (153,'DAX Solid Wood Frames','Office Furnishings',9.77,'./../../assets/product.ico');
Insert into TESTUSER1.PRODUCT (PRODUCT_ID,PRODUCT_TITLE,PRODUCT_CATEGORY,PRICE,ICON_PATH) values (155,'Deflect-o EconoMat Nonstudded, No Bevel Mat','Office Furnishings',51.65,'./../../assets/product.ico');
Insert into TESTUSER1.PRODUCT (PRODUCT_ID,PRODUCT_TITLE,PRODUCT_CATEGORY,PRICE,ICON_PATH) values (156,'Deflect-o EconoMat Studded, No Bevel Mat for Low Pile Carpeting','Office Furnishings',41.32,'./../../assets/product.ico');
Insert into TESTUSER1.PRODUCT (PRODUCT_ID,PRODUCT_TITLE,PRODUCT_CATEGORY,PRICE,ICON_PATH) values (157,'Deflect-o RollaMat Studded, Beveled Mat for Medium Pile Carpeting','Office Furnishings',92.23,'./../../assets/product.ico');
Insert into TESTUSER1.PRODUCT (PRODUCT_ID,PRODUCT_TITLE,PRODUCT_CATEGORY,PRICE,ICON_PATH) values (158,'Deflect-o SuperTray? Unbreakable Stackable Tray, Letter, Black','Office Furnishings',29.18,'./../../assets/product.ico');
Insert into TESTUSER1.PRODUCT (PRODUCT_ID,PRODUCT_TITLE,PRODUCT_CATEGORY,PRICE,ICON_PATH) values (160,'Dixon My First Ticonderoga Pencil, #2','Pens & Art Supplies',5.85,'./../../assets/product.ico');
Insert into TESTUSER1.PRODUCT (PRODUCT_ID,PRODUCT_TITLE,PRODUCT_CATEGORY,PRICE,ICON_PATH) values (161,'DIXON Oriole? Pencils','Pens & Art Supplies',2.58,'./../../assets/product.ico');
Insert into TESTUSER1.PRODUCT (PRODUCT_ID,PRODUCT_TITLE,PRODUCT_CATEGORY,PRICE,ICON_PATH) values (163,'Dixon Ticonderoga Core-Lock Colored Pencils, 48-Color Set','Pens & Art Supplies',36.55,'./../../assets/product.ico');
Insert into TESTUSER1.PRODUCT (PRODUCT_ID,PRODUCT_TITLE,PRODUCT_CATEGORY,PRICE,ICON_PATH) values (164,'Dot Matrix Printer Tape Reel Labels, White, 5000/Box','Labels',98.31,'./../../assets/product.ico');
Insert into TESTUSER1.PRODUCT (PRODUCT_ID,PRODUCT_TITLE,PRODUCT_CATEGORY,PRICE,ICON_PATH) values (165,'DS/HD IBM Formatted Diskettes, 200/Pack - Staples','Computer Peripherals',47.98,'./../../assets/product.ico');
Insert into TESTUSER1.PRODUCT (PRODUCT_ID,PRODUCT_TITLE,PRODUCT_CATEGORY,PRICE,ICON_PATH) values (167,'Durable Pressboard Binders','Binders and Binder Accessories',3.8,'./../../assets/product.ico');
Insert into TESTUSER1.PRODUCT (PRODUCT_ID,PRODUCT_TITLE,PRODUCT_CATEGORY,PRICE,ICON_PATH) values (168,'DXL? Angle-View Binders with Locking Rings, Black','Binders and Binder Accessories',5.99,'./../../assets/product.ico');
Insert into TESTUSER1.PRODUCT (PRODUCT_ID,PRODUCT_TITLE,PRODUCT_CATEGORY,PRICE,ICON_PATH) values (170,'Eldon Advantage? Chair Mats for Low to Medium Pile Carpets','Office Furnishings',43.31,'./../../assets/product.ico');
Insert into TESTUSER1.PRODUCT (PRODUCT_ID,PRODUCT_TITLE,PRODUCT_CATEGORY,PRICE,ICON_PATH) values (171,'Eldon Base for stackable storage shelf, platinum','Storage & Organization',38.94,'./../../assets/product.ico');
Insert into TESTUSER1.PRODUCT (PRODUCT_ID,PRODUCT_TITLE,PRODUCT_CATEGORY,PRICE,ICON_PATH) values (173,'Eldon ClusterMat Chair Mat with Cordless Antistatic Protection','Office Furnishings',90.98,'./../../assets/product.ico');
Insert into TESTUSER1.PRODUCT (PRODUCT_ID,PRODUCT_TITLE,PRODUCT_CATEGORY,PRICE,ICON_PATH) values (174,'Eldon Econocleat? Chair Mats for Low Pile Carpets','Office Furnishings',41.47,'./../../assets/product.ico');
Insert into TESTUSER1.PRODUCT (PRODUCT_ID,PRODUCT_TITLE,PRODUCT_CATEGORY,PRICE,ICON_PATH) values (176,'Eldon Expressions Punched Metal & Wood Desk Accessories, Pewter & Cherry','Office Furnishings',10.64,'./../../assets/product.ico');
Insert into TESTUSER1.PRODUCT (PRODUCT_ID,PRODUCT_TITLE,PRODUCT_CATEGORY,PRICE,ICON_PATH) values (177,'Eldon Expressions? Desk Accessory, Wood Pencil Holder, Oak','Office Furnishings',9.65,'./../../assets/product.ico');
Insert into TESTUSER1.PRODUCT (PRODUCT_ID,PRODUCT_TITLE,PRODUCT_CATEGORY,PRICE,ICON_PATH) values (178,'Eldon Image Series Black Desk Accessories','Office Furnishings',4.14,'./../../assets/product.ico');
Insert into TESTUSER1.PRODUCT (PRODUCT_ID,PRODUCT_TITLE,PRODUCT_CATEGORY,PRICE,ICON_PATH) values (180,'Eldon Pizzaz? Desk Accessories','Office Furnishings',2.23,'./../../assets/product.ico');
Insert into TESTUSER1.PRODUCT (PRODUCT_ID,PRODUCT_TITLE,PRODUCT_CATEGORY,PRICE,ICON_PATH) values (181,'Eldon Portable Mobile Manager','Storage & Organization',28.28,'./../../assets/product.ico');
Insert into TESTUSER1.PRODUCT (PRODUCT_ID,PRODUCT_TITLE,PRODUCT_CATEGORY,PRICE,ICON_PATH) values (182,'Eldon Radial Chair Mat for Low to Medium Pile Carpets','Office Furnishings',39.98,'./../../assets/product.ico');
Insert into TESTUSER1.PRODUCT (PRODUCT_ID,PRODUCT_TITLE,PRODUCT_CATEGORY,PRICE,ICON_PATH) values (184,'Eldon Simplefile? Box Office?','Storage & Organization',12.44,'./../../assets/product.ico');
Insert into TESTUSER1.PRODUCT (PRODUCT_ID,PRODUCT_TITLE,PRODUCT_CATEGORY,PRICE,ICON_PATH) values (185,'Eldon Spacemaker? Box, Quick-Snap Lid, Clear','Pens & Art Supplies',3.34,'./../../assets/product.ico');
Insert into TESTUSER1.PRODUCT (PRODUCT_ID,PRODUCT_TITLE,PRODUCT_CATEGORY,PRICE,ICON_PATH) values (186,'Eldon Wave Desk Accessories','Office Furnishings',5.89,'./../../assets/product.ico');
Insert into TESTUSER1.PRODUCT (PRODUCT_ID,PRODUCT_TITLE,PRODUCT_CATEGORY,PRICE,ICON_PATH) values (188,'Eldon? 200 Class? Desk Accessories, Burgundy','Office Furnishings',6.28,'./../../assets/product.ico');
Insert into TESTUSER1.PRODUCT (PRODUCT_ID,PRODUCT_TITLE,PRODUCT_CATEGORY,PRICE,ICON_PATH) values (189,'Eldon? 400 Class? Desk Accessories, Black Carbon','Office Furnishings',8.75,'./../../assets/product.ico');
Insert into TESTUSER1.PRODUCT (PRODUCT_ID,PRODUCT_TITLE,PRODUCT_CATEGORY,PRICE,ICON_PATH) values (191,'Eldon? Gobal File Keepers','Storage & Organization',15.14,'./../../assets/product.ico');
Insert into TESTUSER1.PRODUCT (PRODUCT_ID,PRODUCT_TITLE,PRODUCT_CATEGORY,PRICE,ICON_PATH) values (192,'Eldon? Wave Desk Accessories','Office Furnishings',2.08,'./../../assets/product.ico');
Insert into TESTUSER1.PRODUCT (PRODUCT_ID,PRODUCT_TITLE,PRODUCT_CATEGORY,PRICE,ICON_PATH) values (194,'Elite 5" Scissors','Scissors, Rulers and Trimmers',8.45,'./../../assets/product.ico');
Insert into TESTUSER1.PRODUCT (PRODUCT_ID,PRODUCT_TITLE,PRODUCT_CATEGORY,PRICE,ICON_PATH) values (195,'Epson DFX-8500 Dot Matrix Printer','Office Machines',2550.14,'./../../assets/product.ico');
Insert into TESTUSER1.PRODUCT (PRODUCT_ID,PRODUCT_TITLE,PRODUCT_CATEGORY,PRICE,ICON_PATH) values (197,'Epson LQ-570e Dot Matrix Printer','Office Machines',270.97,'./../../assets/product.ico');
Insert into TESTUSER1.PRODUCT (PRODUCT_ID,PRODUCT_TITLE,PRODUCT_CATEGORY,PRICE,ICON_PATH) values (198,'Epson Stylus 1520 Color Inkjet Printer','Office Machines',500.97,'./../../assets/product.ico');
Insert into TESTUSER1.PRODUCT (PRODUCT_ID,PRODUCT_TITLE,PRODUCT_CATEGORY,PRICE,ICON_PATH) values (200,'Eureka Hand Vacuum, Bagless','Appliances',49.43,'./../../assets/product.ico');
Insert into TESTUSER1.PRODUCT (PRODUCT_ID,PRODUCT_TITLE,PRODUCT_CATEGORY,PRICE,ICON_PATH) values (201,'Eureka Sanitaire ? Multi-Pro Heavy-Duty Upright, Disposable Bags','Appliances',4.37,'./../../assets/product.ico');
Insert into TESTUSER1.PRODUCT (PRODUCT_ID,PRODUCT_TITLE,PRODUCT_CATEGORY,PRICE,ICON_PATH) values (202,'Eureka The Boss? Cordless Rechargeable Stick Vac','Appliances',50.98,'./../../assets/product.ico');
Insert into TESTUSER1.PRODUCT (PRODUCT_ID,PRODUCT_TITLE,PRODUCT_CATEGORY,PRICE,ICON_PATH) values (204,'Executive Impressions 12" Wall Clock','Office Furnishings',17.67,'./../../assets/product.ico');
Insert into TESTUSER1.PRODUCT (PRODUCT_ID,PRODUCT_TITLE,PRODUCT_CATEGORY,PRICE,ICON_PATH) values (205,'Executive Impressions 13" Chairman Wall Clock','Office Furnishings',25.38,'./../../assets/product.ico');
Insert into TESTUSER1.PRODUCT (PRODUCT_ID,PRODUCT_TITLE,PRODUCT_CATEGORY,PRICE,ICON_PATH) values (494,'Tenex Personal Project File with Scoop Front Design, Black','Storage & Organization',13.48,'./../../assets/product.ico');
Insert into TESTUSER1.PRODUCT (PRODUCT_ID,PRODUCT_TITLE,PRODUCT_CATEGORY,PRICE,ICON_PATH) values (495,'Tenex Personal Self-Stacking Standard File Box, Black/Gray','Storage & Organization',16.91,'./../../assets/product.ico');
Insert into TESTUSER1.PRODUCT (PRODUCT_ID,PRODUCT_TITLE,PRODUCT_CATEGORY,PRICE,ICON_PATH) values (496,'Tennsco Commercial Shelving','Storage & Organization',20.34,'./../../assets/product.ico');
Insert into TESTUSER1.PRODUCT (PRODUCT_ID,PRODUCT_TITLE,PRODUCT_CATEGORY,PRICE,ICON_PATH) values (497,'Tennsco Double-Tier Lockers','Storage & Organization',225.02,'./../../assets/product.ico');
Insert into TESTUSER1.PRODUCT (PRODUCT_ID,PRODUCT_TITLE,PRODUCT_CATEGORY,PRICE,ICON_PATH) values (498,'Tennsco Industrial Shelving','Storage & Organization',48.91,'./../../assets/product.ico');
Insert into TESTUSER1.PRODUCT (PRODUCT_ID,PRODUCT_TITLE,PRODUCT_CATEGORY,PRICE,ICON_PATH) values (499,'Tennsco Lockers, Gray','Storage & Organization',20.98,'./../../assets/product.ico');
Insert into TESTUSER1.PRODUCT (PRODUCT_ID,PRODUCT_TITLE,PRODUCT_CATEGORY,PRICE,ICON_PATH) values (500,'Tennsco Lockers, Sand','Storage & Organization',20.98,'./../../assets/product.ico');
Insert into TESTUSER1.PRODUCT (PRODUCT_ID,PRODUCT_TITLE,PRODUCT_CATEGORY,PRICE,ICON_PATH) values (501,'Tennsco Snap-Together Open Shelving Units, Starter Sets and Add-On Units','Storage & Organization',279.48,'./../../assets/product.ico');
Insert into TESTUSER1.PRODUCT (PRODUCT_ID,PRODUCT_TITLE,PRODUCT_CATEGORY,PRICE,ICON_PATH) values (502,'TI 36X Solar Scientific Calculator','Office Machines',23.99,'./../../assets/product.ico');
Insert into TESTUSER1.PRODUCT (PRODUCT_ID,PRODUCT_TITLE,PRODUCT_CATEGORY,PRICE,ICON_PATH) values (503,'TOPS Money Receipt Book, Consecutively Numbered in Red,','Paper',8.01,'./../../assets/product.ico');
Insert into TESTUSER1.PRODUCT (PRODUCT_ID,PRODUCT_TITLE,PRODUCT_CATEGORY,PRICE,ICON_PATH) values (504,'Turquoise Lead Holder with Pocket Clip','Pens & Art Supplies',6.7,'./../../assets/product.ico');
Insert into TESTUSER1.PRODUCT (PRODUCT_ID,PRODUCT_TITLE,PRODUCT_CATEGORY,PRICE,ICON_PATH) values (505,'Tyvek Interoffice Envelopes, 9 1/2" x 12 1/2", 100/Box','Envelopes',60.98,'./../../assets/product.ico');
Insert into TESTUSER1.PRODUCT (PRODUCT_ID,PRODUCT_TITLE,PRODUCT_CATEGORY,PRICE,ICON_PATH) values (506,'Tyvek ? Top-Opening Peel & Seel Envelopes, Plain White','Envelopes',27.18,'./../../assets/product.ico');
Insert into TESTUSER1.PRODUCT (PRODUCT_ID,PRODUCT_TITLE,PRODUCT_CATEGORY,PRICE,ICON_PATH) values (507,'U.S. Robotics 56K Internet Call Modem','Computer Peripherals',99.99,'./../../assets/product.ico');
Insert into TESTUSER1.PRODUCT (PRODUCT_ID,PRODUCT_TITLE,PRODUCT_CATEGORY,PRICE,ICON_PATH) values (508,'Ultra Commercial Grade Dual Valve Door Closer','Office Furnishings',39.89,'./../../assets/product.ico');
Insert into TESTUSER1.PRODUCT (PRODUCT_ID,PRODUCT_TITLE,PRODUCT_CATEGORY,PRICE,ICON_PATH) values (509,'Unpadded Memo Slips','Paper',3.98,'./../../assets/product.ico');
Insert into TESTUSER1.PRODUCT (PRODUCT_ID,PRODUCT_TITLE,PRODUCT_CATEGORY,PRICE,ICON_PATH) values (510,'US Robotics 56K V.92 External Faxmodem','Computer Peripherals',99.99,'./../../assets/product.ico');
Insert into TESTUSER1.PRODUCT (PRODUCT_ID,PRODUCT_TITLE,PRODUCT_CATEGORY,PRICE,ICON_PATH) values (511,'Verbatim DVD-R 4.7GB authoring disc','Computer Peripherals',39.24,'./../../assets/product.ico');
Insert into TESTUSER1.PRODUCT (PRODUCT_ID,PRODUCT_TITLE,PRODUCT_CATEGORY,PRICE,ICON_PATH) values (512,'Verbatim DVD-RAM, 5.2GB, Rewritable, Type 1, DS','Computer Peripherals',29.89,'./../../assets/product.ico');
Insert into TESTUSER1.PRODUCT (PRODUCT_ID,PRODUCT_TITLE,PRODUCT_CATEGORY,PRICE,ICON_PATH) values (513,'Verbatim DVD-RAM, 9.4GB, Rewritable, Type 1, DS, DataLife Plus','Computer Peripherals',45.19,'./../../assets/product.ico');
Insert into TESTUSER1.PRODUCT (PRODUCT_ID,PRODUCT_TITLE,PRODUCT_CATEGORY,PRICE,ICON_PATH) values (514,'Wausau Papers Astrobrights? Colored Envelopes','Envelopes',5.98,'./../../assets/product.ico');
Insert into TESTUSER1.PRODUCT (PRODUCT_ID,PRODUCT_TITLE,PRODUCT_CATEGORY,PRICE,ICON_PATH) values (515,'White Business Envelopes with Contemporary Seam, Recycled White Business Envelopes','Envelopes',10.94,'./../../assets/product.ico');
Insert into TESTUSER1.PRODUCT (PRODUCT_ID,PRODUCT_TITLE,PRODUCT_CATEGORY,PRICE,ICON_PATH) values (516,'White Dual Perf Computer Printout Paper, 2700 Sheets, 1 Part, Heavyweight, 20 lbs., 14 7/8 x 11','Paper',40.99,'./../../assets/product.ico');
Insert into TESTUSER1.PRODUCT (PRODUCT_ID,PRODUCT_TITLE,PRODUCT_CATEGORY,PRICE,ICON_PATH) values (517,'White GlueTop Scratch Pads','Paper',15.04,'./../../assets/product.ico');
Insert into TESTUSER1.PRODUCT (PRODUCT_ID,PRODUCT_TITLE,PRODUCT_CATEGORY,PRICE,ICON_PATH) values (518,'Wilson Jones 1" Hanging DublLock? Ring Binders','Binders and Binder Accessories',5.28,'./../../assets/product.ico');
Insert into TESTUSER1.PRODUCT (PRODUCT_ID,PRODUCT_TITLE,PRODUCT_CATEGORY,PRICE,ICON_PATH) values (519,'Wilson Jones 14 Line Acrylic Coated Pressboard Data Binders','Binders and Binder Accessories',5.34,'./../../assets/product.ico');
Insert into TESTUSER1.PRODUCT (PRODUCT_ID,PRODUCT_TITLE,PRODUCT_CATEGORY,PRICE,ICON_PATH) values (520,'Wilson Jones DublLock? D-Ring Binders','Binders and Binder Accessories',6.75,'./../../assets/product.ico');
Insert into TESTUSER1.PRODUCT (PRODUCT_ID,PRODUCT_TITLE,PRODUCT_CATEGORY,PRICE,ICON_PATH) values (521,'Wilson Jones Easy Flow II? Sheet Lifters','Binders and Binder Accessories',1.8,'./../../assets/product.ico');
Insert into TESTUSER1.PRODUCT (PRODUCT_ID,PRODUCT_TITLE,PRODUCT_CATEGORY,PRICE,ICON_PATH) values (522,'Wilson Jones Hanging View Binder, White, 1"','Binders and Binder Accessories',7.1,'./../../assets/product.ico');
Insert into TESTUSER1.PRODUCT (PRODUCT_ID,PRODUCT_TITLE,PRODUCT_CATEGORY,PRICE,ICON_PATH) values (523,'Wilson Jones Impact Binders','Binders and Binder Accessories',5.18,'./../../assets/product.ico');
Insert into TESTUSER1.PRODUCT (PRODUCT_ID,PRODUCT_TITLE,PRODUCT_CATEGORY,PRICE,ICON_PATH) values (524,'Wilson Jones Ledger-Size, Piano-Hinge Binder, 2", Blue','Binders and Binder Accessories',40.98,'./../../assets/product.ico');
Insert into TESTUSER1.PRODUCT (PRODUCT_ID,PRODUCT_TITLE,PRODUCT_CATEGORY,PRICE,ICON_PATH) values (526,'Wirebound Message Book, 4 per Page','Paper',5.43,'./../../assets/product.ico');
Insert into TESTUSER1.PRODUCT (PRODUCT_ID,PRODUCT_TITLE,PRODUCT_CATEGORY,PRICE,ICON_PATH) values (527,'Wirebound Message Books, 2 7/8" x 5", 3 Forms per Page','Paper',7.04,'./../../assets/product.ico');
Insert into TESTUSER1.PRODUCT (PRODUCT_ID,PRODUCT_TITLE,PRODUCT_CATEGORY,PRICE,ICON_PATH) values (529,'Wirebound Voice Message Log Book','Paper',4.76,'./../../assets/product.ico');
Insert into TESTUSER1.PRODUCT (PRODUCT_ID,PRODUCT_TITLE,PRODUCT_CATEGORY,PRICE,ICON_PATH) values (530,'X-Rack? File for Hanging Folders','Storage & Organization',11.29,'./../../assets/product.ico');
Insert into TESTUSER1.PRODUCT (PRODUCT_ID,PRODUCT_TITLE,PRODUCT_CATEGORY,PRICE,ICON_PATH) values (531,'Xerox 188','Paper',11.34,'./../../assets/product.ico');
Insert into TESTUSER1.PRODUCT (PRODUCT_ID,PRODUCT_TITLE,PRODUCT_CATEGORY,PRICE,ICON_PATH) values (533,'Xerox 1882','Paper',55.98,'./../../assets/product.ico');
Insert into TESTUSER1.PRODUCT (PRODUCT_ID,PRODUCT_TITLE,PRODUCT_CATEGORY,PRICE,ICON_PATH) values (535,'Xerox 1887','Paper',18.97,'./../../assets/product.ico');
Insert into TESTUSER1.PRODUCT (PRODUCT_ID,PRODUCT_TITLE,PRODUCT_CATEGORY,PRICE,ICON_PATH) values (538,'Xerox 1893','Paper',40.99,'./../../assets/product.ico');
Insert into TESTUSER1.PRODUCT (PRODUCT_ID,PRODUCT_TITLE,PRODUCT_CATEGORY,PRICE,ICON_PATH) values (540,'Xerox 1898','Paper',6.68,'./../../assets/product.ico');
Insert into TESTUSER1.PRODUCT (PRODUCT_ID,PRODUCT_TITLE,PRODUCT_CATEGORY,PRICE,ICON_PATH) values (543,'Xerox 1904','Paper',6.48,'./../../assets/product.ico');
Insert into TESTUSER1.PRODUCT (PRODUCT_ID,PRODUCT_TITLE,PRODUCT_CATEGORY,PRICE,ICON_PATH) values (545,'Xerox 1906','Paper',35.44,'./../../assets/product.ico');
Insert into TESTUSER1.PRODUCT (PRODUCT_ID,PRODUCT_TITLE,PRODUCT_CATEGORY,PRICE,ICON_PATH) values (548,'Xerox 1924','Paper',5.78,'./../../assets/product.ico');
Insert into TESTUSER1.PRODUCT (PRODUCT_ID,PRODUCT_TITLE,PRODUCT_CATEGORY,PRICE,ICON_PATH) values (550,'Xerox 1929','Paper',22.84,'./../../assets/product.ico');
Insert into TESTUSER1.PRODUCT (PRODUCT_ID,PRODUCT_TITLE,PRODUCT_CATEGORY,PRICE,ICON_PATH) values (553,'Xerox 1935','Paper',26.38,'./../../assets/product.ico');
Insert into TESTUSER1.PRODUCT (PRODUCT_ID,PRODUCT_TITLE,PRODUCT_CATEGORY,PRICE,ICON_PATH) values (555,'Xerox 1938','Paper',47.9,'./../../assets/product.ico');
Insert into TESTUSER1.PRODUCT (PRODUCT_ID,PRODUCT_TITLE,PRODUCT_CATEGORY,PRICE,ICON_PATH) values (557,'Xerox 194','Paper',55.48,'./../../assets/product.ico');
Insert into TESTUSER1.PRODUCT (PRODUCT_ID,PRODUCT_TITLE,PRODUCT_CATEGORY,PRICE,ICON_PATH) values (560,'Xerox 1953','Paper',4.28,'./../../assets/product.ico');
Insert into TESTUSER1.PRODUCT (PRODUCT_ID,PRODUCT_TITLE,PRODUCT_CATEGORY,PRICE,ICON_PATH) values (562,'Xerox 1962','Paper',4.28,'./../../assets/product.ico');
Insert into TESTUSER1.PRODUCT (PRODUCT_ID,PRODUCT_TITLE,PRODUCT_CATEGORY,PRICE,ICON_PATH) values (565,'Xerox 1971','Paper',4.28,'./../../assets/product.ico');
Insert into TESTUSER1.PRODUCT (PRODUCT_ID,PRODUCT_TITLE,PRODUCT_CATEGORY,PRICE,ICON_PATH) values (567,'Xerox 1977','Paper',6.68,'./../../assets/product.ico');
Insert into TESTUSER1.PRODUCT (PRODUCT_ID,PRODUCT_TITLE,PRODUCT_CATEGORY,PRICE,ICON_PATH) values (570,'Xerox 1980','Paper',4.28,'./../../assets/product.ico');
Insert into TESTUSER1.PRODUCT (PRODUCT_ID,PRODUCT_TITLE,PRODUCT_CATEGORY,PRICE,ICON_PATH) values (572,'Xerox 1983','Paper',5.98,'./../../assets/product.ico');
Insert into TESTUSER1.PRODUCT (PRODUCT_ID,PRODUCT_TITLE,PRODUCT_CATEGORY,PRICE,ICON_PATH) values (575,'Xerox 199','Paper',4.28,'./../../assets/product.ico');
Insert into TESTUSER1.PRODUCT (PRODUCT_ID,PRODUCT_TITLE,PRODUCT_CATEGORY,PRICE,ICON_PATH) values (577,'Xerox 1993','Paper',6.48,'./../../assets/product.ico');
Insert into TESTUSER1.PRODUCT (PRODUCT_ID,PRODUCT_TITLE,PRODUCT_CATEGORY,PRICE,ICON_PATH) values (580,'Xerox 20','Paper',6.48,'./../../assets/product.ico');
Insert into TESTUSER1.PRODUCT (PRODUCT_ID,PRODUCT_TITLE,PRODUCT_CATEGORY,PRICE,ICON_PATH) values (582,'Xerox 213','Paper',6.48,'./../../assets/product.ico');
Insert into TESTUSER1.PRODUCT (PRODUCT_ID,PRODUCT_TITLE,PRODUCT_CATEGORY,PRICE,ICON_PATH) values (585,'Xerox 220','Paper',6.48,'./../../assets/product.ico');
Insert into TESTUSER1.PRODUCT (PRODUCT_ID,PRODUCT_TITLE,PRODUCT_CATEGORY,PRICE,ICON_PATH) values (588,'Xerox 227','Paper',6.48,'./../../assets/product.ico');
Insert into TESTUSER1.PRODUCT (PRODUCT_ID,PRODUCT_TITLE,PRODUCT_CATEGORY,PRICE,ICON_PATH) values (590,'Xerox Blank Computer Paper','Paper',19.98,'./../../assets/product.ico');
Insert into TESTUSER1.PRODUCT (PRODUCT_ID,PRODUCT_TITLE,PRODUCT_CATEGORY,PRICE,ICON_PATH) values (591,'XtraLife? ClearVue? Slant-D? Ring Binders by Cardinal','Binders and Binder Accessories',7.84,'./../../assets/product.ico');
Insert into TESTUSER1.PRODUCT (PRODUCT_ID,PRODUCT_TITLE,PRODUCT_CATEGORY,PRICE,ICON_PATH) values (592,'Zoom V.92 USB External Faxmodem','Computer Peripherals',49.99,'./../../assets/product.ico');
Insert into TESTUSER1.PRODUCT (PRODUCT_ID,PRODUCT_TITLE,PRODUCT_CATEGORY,PRICE,ICON_PATH) values (237,'GBC DocuBind P100 Manual Binding Machine','Binders and Binder Accessories',165.98,'./../../assets/product.ico');
Insert into TESTUSER1.PRODUCT (PRODUCT_ID,PRODUCT_TITLE,PRODUCT_CATEGORY,PRICE,ICON_PATH) values (241,'GBC Laser Imprintable Binding System Covers, Desert Sand','Binders and Binder Accessories',14.27,'./../../assets/product.ico');
Insert into TESTUSER1.PRODUCT (PRODUCT_ID,PRODUCT_TITLE,PRODUCT_CATEGORY,PRICE,ICON_PATH) values (245,'GBC Recycled Grain Textured Covers','Binders and Binder Accessories',34.54,'./../../assets/product.ico');
Insert into TESTUSER1.PRODUCT (PRODUCT_ID,PRODUCT_TITLE,PRODUCT_CATEGORY,PRICE,ICON_PATH) values (248,'GBC Standard Therm-A-Bind Covers','Binders and Binder Accessories',24.92,'./../../assets/product.ico');
Insert into TESTUSER1.PRODUCT (PRODUCT_ID,PRODUCT_TITLE,PRODUCT_CATEGORY,PRICE,ICON_PATH) values (252,'GE 4 Foot Flourescent Tube, 40 Watt','Office Furnishings',14.98,'./../../assets/product.ico');
Insert into TESTUSER1.PRODUCT (PRODUCT_ID,PRODUCT_TITLE,PRODUCT_CATEGORY,PRICE,ICON_PATH) values (255,'Global Comet? Stacking Armless Chair','Chairs & Chairmats',299.05,'./../../assets/product.ico');
Insert into TESTUSER1.PRODUCT (PRODUCT_ID,PRODUCT_TITLE,PRODUCT_CATEGORY,PRICE,ICON_PATH) values (258,'Global Deluxe Stacking Chair, Gray','Chairs & Chairmats',50.98,'./../../assets/product.ico');
Insert into TESTUSER1.PRODUCT (PRODUCT_ID,PRODUCT_TITLE,PRODUCT_CATEGORY,PRICE,ICON_PATH) values (261,'Global High-Back Leather Tilter, Burgundy','Chairs & Chairmats',122.99,'./../../assets/product.ico');
Insert into TESTUSER1.PRODUCT (PRODUCT_ID,PRODUCT_TITLE,PRODUCT_CATEGORY,PRICE,ICON_PATH) values (264,'Global Stack Chair without Arms, Black','Chairs & Chairmats',25.98,'./../../assets/product.ico');
Insert into TESTUSER1.PRODUCT (PRODUCT_ID,PRODUCT_TITLE,PRODUCT_CATEGORY,PRICE,ICON_PATH) values (267,'Hammermill Color Copier Paper (28Lb. and 96 Bright)','Paper',9.99,'./../../assets/product.ico');
Insert into TESTUSER1.PRODUCT (PRODUCT_ID,PRODUCT_TITLE,PRODUCT_CATEGORY,PRICE,ICON_PATH) values (271,'Hewlett-Packard Deskjet 5550 Color Inkjet Printer','Office Machines',115.99,'./../../assets/product.ico');
Insert into TESTUSER1.PRODUCT (PRODUCT_ID,PRODUCT_TITLE,PRODUCT_CATEGORY,PRICE,ICON_PATH) values (274,'Holmes 99% HEPA Air Purifier','Appliances',21.66,'./../../assets/product.ico');
Insert into TESTUSER1.PRODUCT (PRODUCT_ID,PRODUCT_TITLE,PRODUCT_CATEGORY,PRICE,ICON_PATH) values (277,'Holmes Replacement Filter for HEPA Air Cleaner, Large Room','Appliances',14.81,'./../../assets/product.ico');
Insert into TESTUSER1.PRODUCT (PRODUCT_ID,PRODUCT_TITLE,PRODUCT_CATEGORY,PRICE,ICON_PATH) values (280,'Hon 2090 ?Pillow Soft? Series Mid Back Swivel/Tilt Chairs','Chairs & Chairmats',280.98,'./../../assets/product.ico');
Insert into TESTUSER1.PRODUCT (PRODUCT_ID,PRODUCT_TITLE,PRODUCT_CATEGORY,PRICE,ICON_PATH) values (284,'Hon 4700 Series Mobuis? Mid-Back Task Chairs with Adjustable Arms','Chairs & Chairmats',355.98,'./../../assets/product.ico');
Insert into TESTUSER1.PRODUCT (PRODUCT_ID,PRODUCT_TITLE,PRODUCT_CATEGORY,PRICE,ICON_PATH) values (288,'Hon Deluxe Fabric Upholstered Stacking Chairs, Rounded Back','Chairs & Chairmats',243.98,'./../../assets/product.ico');
Insert into TESTUSER1.PRODUCT (PRODUCT_ID,PRODUCT_TITLE,PRODUCT_CATEGORY,PRICE,ICON_PATH) values (292,'Hon Metal Bookcases, Black','Bookcases',70.98,'./../../assets/product.ico');
Insert into TESTUSER1.PRODUCT (PRODUCT_ID,PRODUCT_TITLE,PRODUCT_CATEGORY,PRICE,ICON_PATH) values (295,'Honeywell Enviracaire Portable HEPA Air Cleaner for 17'' x 22'' Room','Appliances',300.65,'./../../assets/product.ico');
Insert into TESTUSER1.PRODUCT (PRODUCT_ID,PRODUCT_TITLE,PRODUCT_CATEGORY,PRICE,ICON_PATH) values (329,'Keytronic Designer 104- Key Black Keyboard','Computer Peripherals',40.48,'./../../assets/product.ico');
Insert into TESTUSER1.PRODUCT (PRODUCT_ID,PRODUCT_TITLE,PRODUCT_CATEGORY,PRICE,ICON_PATH) values (333,'Laser & Ink Jet Business Envelopes','Envelopes',10.67,'./../../assets/product.ico');
Insert into TESTUSER1.PRODUCT (PRODUCT_ID,PRODUCT_TITLE,PRODUCT_CATEGORY,PRICE,ICON_PATH) values (336,'Lexmark Z25 Color Inkjet Printer','Office Machines',80.97,'./../../assets/product.ico');
Insert into TESTUSER1.PRODUCT (PRODUCT_ID,PRODUCT_TITLE,PRODUCT_CATEGORY,PRICE,ICON_PATH) values (338,'Lexmark Z55se Color Inkjet Printer','Office Machines',90.97,'./../../assets/product.ico');
Insert into TESTUSER1.PRODUCT (PRODUCT_ID,PRODUCT_TITLE,PRODUCT_CATEGORY,PRICE,ICON_PATH) values (341,'Lock-Up Easel ''Spel-Binder''','Binders and Binder Accessories',28.53,'./../../assets/product.ico');
Insert into TESTUSER1.PRODUCT (PRODUCT_ID,PRODUCT_TITLE,PRODUCT_CATEGORY,PRICE,ICON_PATH) values (344,'Logitech Cordless Navigator Duo','Computer Peripherals',80.98,'./../../assets/product.ico');
Insert into TESTUSER1.PRODUCT (PRODUCT_ID,PRODUCT_TITLE,PRODUCT_CATEGORY,PRICE,ICON_PATH) values (347,'Luxo Professional Combination Clamp-On Lamps','Office Furnishings',102.3,'./../../assets/product.ico');
Insert into TESTUSER1.PRODUCT (PRODUCT_ID,PRODUCT_TITLE,PRODUCT_CATEGORY,PRICE,ICON_PATH) values (351,'Master Giant Foot? Doorstop, Safety Yellow','Office Furnishings',7.59,'./../../assets/product.ico');
Insert into TESTUSER1.PRODUCT (PRODUCT_ID,PRODUCT_TITLE,PRODUCT_CATEGORY,PRICE,ICON_PATH) values (354,'Memo Book, 100 Message Capacity, 5 3/8? x 11?','Paper',6.74,'./../../assets/product.ico');
Insert into TESTUSER1.PRODUCT (PRODUCT_ID,PRODUCT_TITLE,PRODUCT_CATEGORY,PRICE,ICON_PATH) values (357,'Memorex 4.7GB DVD+RW, 3/Pack','Computer Peripherals',28.48,'./../../assets/product.ico');
Insert into TESTUSER1.PRODUCT (PRODUCT_ID,PRODUCT_TITLE,PRODUCT_CATEGORY,PRICE,ICON_PATH) values (360,'Memorex Slim 80 Minute CD-R, 10/Pack','Computer Peripherals',9.78,'./../../assets/product.ico');
Insert into TESTUSER1.PRODUCT (PRODUCT_ID,PRODUCT_TITLE,PRODUCT_CATEGORY,PRICE,ICON_PATH) values (363,'Micro Innovations Micro 3000 Keyboard, Black','Computer Peripherals',26.31,'./../../assets/product.ico');
Insert into TESTUSER1.PRODUCT (PRODUCT_ID,PRODUCT_TITLE,PRODUCT_CATEGORY,PRICE,ICON_PATH) values (367,'Motorola SB4200 Cable Modem','Computer Peripherals',179.99,'./../../assets/product.ico');
Insert into TESTUSER1.PRODUCT (PRODUCT_ID,PRODUCT_TITLE,PRODUCT_CATEGORY,PRICE,ICON_PATH) values (369,'Multimedia Mailers','Envelopes',162.93,'./../../assets/product.ico');
Insert into TESTUSER1.PRODUCT (PRODUCT_ID,PRODUCT_TITLE,PRODUCT_CATEGORY,PRICE,ICON_PATH) values (372,'Newell 314','Pens & Art Supplies',5.58,'./../../assets/product.ico');
Insert into TESTUSER1.PRODUCT (PRODUCT_ID,PRODUCT_TITLE,PRODUCT_CATEGORY,PRICE,ICON_PATH) values (374,'Newell 318','Pens & Art Supplies',2.78,'./../../assets/product.ico');
Insert into TESTUSER1.PRODUCT (PRODUCT_ID,PRODUCT_TITLE,PRODUCT_CATEGORY,PRICE,ICON_PATH) values (376,'Newell 326','Pens & Art Supplies',1.76,'./../../assets/product.ico');
Insert into TESTUSER1.PRODUCT (PRODUCT_ID,PRODUCT_TITLE,PRODUCT_CATEGORY,PRICE,ICON_PATH) values (378,'Newell 335','Pens & Art Supplies',2.88,'./../../assets/product.ico');
Insert into TESTUSER1.PRODUCT (PRODUCT_ID,PRODUCT_TITLE,PRODUCT_CATEGORY,PRICE,ICON_PATH) values (380,'Newell 337','Pens & Art Supplies',3.28,'./../../assets/product.ico');
Insert into TESTUSER1.PRODUCT (PRODUCT_ID,PRODUCT_TITLE,PRODUCT_CATEGORY,PRICE,ICON_PATH) values (383,'Newell? 3-Hole Punched Plastic Slotted Magazine Holders for Binders','Binders and Binder Accessories',4.57,'./../../assets/product.ico');
Insert into TESTUSER1.PRODUCT (PRODUCT_ID,PRODUCT_TITLE,PRODUCT_CATEGORY,PRICE,ICON_PATH) values (387,'O''Sullivan 3-Shelf Heavy-Duty Bookcases','Bookcases',58.14,'./../../assets/product.ico');
Insert into TESTUSER1.PRODUCT (PRODUCT_ID,PRODUCT_TITLE,PRODUCT_CATEGORY,PRICE,ICON_PATH) values (390,'Office Star - Contemporary Task Swivel chair with 2-way adjustable arms, Plum','Chairs & Chairmats',130.98,'./../../assets/product.ico');
Insert into TESTUSER1.PRODUCT (PRODUCT_ID,PRODUCT_TITLE,PRODUCT_CATEGORY,PRICE,ICON_PATH) values (395,'Okidata ML390 Turbo Dot Matrix Printers','Office Machines',442.14,'./../../assets/product.ico');
Insert into TESTUSER1.PRODUCT (PRODUCT_ID,PRODUCT_TITLE,PRODUCT_CATEGORY,PRICE,ICON_PATH) values (429,'Round Ring Binders','Binders and Binder Accessories',2.08,'./../../assets/product.ico');
Insert into TESTUSER1.PRODUCT (PRODUCT_ID,PRODUCT_TITLE,PRODUCT_CATEGORY,PRICE,ICON_PATH) values (432,'SAFCO Arco Folding Chair','Chairs & Chairmats',276.2,'./../../assets/product.ico');
Insert into TESTUSER1.PRODUCT (PRODUCT_ID,PRODUCT_TITLE,PRODUCT_CATEGORY,PRICE,ICON_PATH) values (434,'Safco Contoured Stacking Chairs','Chairs & Chairmats',238.4,'./../../assets/product.ico');
Insert into TESTUSER1.PRODUCT (PRODUCT_ID,PRODUCT_TITLE,PRODUCT_CATEGORY,PRICE,ICON_PATH) values (437,'SAFCO PlanMaster Heigh-Adjustable Drafting Table Base, 43w x 30d x 30-37h, Black','Tables',349.45,'./../../assets/product.ico');
Insert into TESTUSER1.PRODUCT (PRODUCT_ID,PRODUCT_TITLE,PRODUCT_CATEGORY,PRICE,ICON_PATH) values (441,'SANFORD Liquid Accent? Tank-Style Highlighters','Pens & Art Supplies',2.84,'./../../assets/product.ico');
Insert into TESTUSER1.PRODUCT (PRODUCT_ID,PRODUCT_TITLE,PRODUCT_CATEGORY,PRICE,ICON_PATH) values (445,'Sauder Facets Collection Library, Sky Alder Finish','Bookcases',170.98,'./../../assets/product.ico');
Insert into TESTUSER1.PRODUCT (PRODUCT_ID,PRODUCT_TITLE,PRODUCT_CATEGORY,PRICE,ICON_PATH) values (448,'Self-Adhesive Address Labels for Typewriters by Universal','Labels',7.31,'./../../assets/product.ico');
Insert into TESTUSER1.PRODUCT (PRODUCT_ID,PRODUCT_TITLE,PRODUCT_CATEGORY,PRICE,ICON_PATH) values (452,'Seth Thomas 13 1/2" Wall Clock','Office Furnishings',17.78,'./../../assets/product.ico');
Insert into TESTUSER1.PRODUCT (PRODUCT_ID,PRODUCT_TITLE,PRODUCT_CATEGORY,PRICE,ICON_PATH) values (454,'Sharp AL-1530CS Digital Copier','Copiers and Fax',499.99,'./../../assets/product.ico');
Insert into TESTUSER1.PRODUCT (PRODUCT_ID,PRODUCT_TITLE,PRODUCT_CATEGORY,PRICE,ICON_PATH) values (457,'Snap-A-Way? Black Print Carbonless Ruled Speed Letter, Triplicate','Paper',37.94,'./../../assets/product.ico');
Insert into TESTUSER1.PRODUCT (PRODUCT_ID,PRODUCT_TITLE,PRODUCT_CATEGORY,PRICE,ICON_PATH) values (461,'Southworth 25% Cotton Premium Laser Paper and Envelopes','Paper',19.98,'./../../assets/product.ico');
Insert into TESTUSER1.PRODUCT (PRODUCT_ID,PRODUCT_TITLE,PRODUCT_CATEGORY,PRICE,ICON_PATH) values (464,'Standard Line? ?While You Were Out? Hardbound Telephone Message Book','Paper',21.98,'./../../assets/product.ico');
Insert into TESTUSER1.PRODUCT (PRODUCT_ID,PRODUCT_TITLE,PRODUCT_CATEGORY,PRICE,ICON_PATH) values (468,'Staples Bulldog Clip','Rubber Bands',3.78,'./../../assets/product.ico');
Insert into TESTUSER1.PRODUCT (PRODUCT_ID,PRODUCT_TITLE,PRODUCT_CATEGORY,PRICE,ICON_PATH) values (471,'Staples Pen Style Liquid Stix; Assorted (yellow, pink, green, blue, orange), 5/Pack','Pens & Art Supplies',6.47,'./../../assets/product.ico');
Insert into TESTUSER1.PRODUCT (PRODUCT_ID,PRODUCT_TITLE,PRODUCT_CATEGORY,PRICE,ICON_PATH) values (475,'Staples Vinyl Coated Paper Clips','Rubber Bands',3.93,'./../../assets/product.ico');
Insert into TESTUSER1.PRODUCT (PRODUCT_ID,PRODUCT_TITLE,PRODUCT_CATEGORY,PRICE,ICON_PATH) values (478,'Staples? General Use 3-Ring Binders','Binders and Binder Accessories',1.88,'./../../assets/product.ico');
Insert into TESTUSER1.PRODUCT (PRODUCT_ID,PRODUCT_TITLE,PRODUCT_CATEGORY,PRICE,ICON_PATH) values (482,'Strathmore Photo Mount Cards','Paper',6.78,'./../../assets/product.ico');
Insert into TESTUSER1.PRODUCT (PRODUCT_ID,PRODUCT_TITLE,PRODUCT_CATEGORY,PRICE,ICON_PATH) values (484,'Surelock? Post Binders','Binders and Binder Accessories',30.56,'./../../assets/product.ico');
Insert into TESTUSER1.PRODUCT (PRODUCT_ID,PRODUCT_TITLE,PRODUCT_CATEGORY,PRICE,ICON_PATH) values (487,'Telephone Message Books with Fax/Mobile Section, 5 1/2" x 3 3/16"','Paper',6.35,'./../../assets/product.ico');
Insert into TESTUSER1.PRODUCT (PRODUCT_ID,PRODUCT_TITLE,PRODUCT_CATEGORY,PRICE,ICON_PATH) values (491,'Tenex Carpeted, Granite-Look or Clear Contemporary Contour Shape Chair Mats','Office Furnishings',70.71,'./../../assets/product.ico');
Insert into TESTUSER1.PRODUCT (PRODUCT_ID,PRODUCT_TITLE,PRODUCT_CATEGORY,PRICE,ICON_PATH) values (32,'Adams Phone Message Book, Professional, 400 Message Capacity, 5 3/6? x 11?','Paper',6.98,'./../../assets/product.ico');
Insert into TESTUSER1.PRODUCT (PRODUCT_ID,PRODUCT_TITLE,PRODUCT_CATEGORY,PRICE,ICON_PATH) values (36,'Adesso Programmable 142-Key Keyboard','Computer Peripherals',152.48,'./../../assets/product.ico');
Insert into TESTUSER1.PRODUCT (PRODUCT_ID,PRODUCT_TITLE,PRODUCT_CATEGORY,PRICE,ICON_PATH) values (39,'Advantus Push Pins, Aluminum Head','Rubber Bands',5.81,'./../../assets/product.ico');
Insert into TESTUSER1.PRODUCT (PRODUCT_ID,PRODUCT_TITLE,PRODUCT_CATEGORY,PRICE,ICON_PATH) values (42,'Ampad #10 Peel & Seel? Holiday Envelopes','Envelopes',4.48,'./../../assets/product.ico');
Insert into TESTUSER1.PRODUCT (PRODUCT_ID,PRODUCT_TITLE,PRODUCT_CATEGORY,PRICE,ICON_PATH) values (45,'Array? Memo Cubes','Paper',5.18,'./../../assets/product.ico');
Insert into TESTUSER1.PRODUCT (PRODUCT_ID,PRODUCT_TITLE,PRODUCT_CATEGORY,PRICE,ICON_PATH) values (47,'Assorted Color Push Pins','Rubber Bands',1.81,'./../../assets/product.ico');
Insert into TESTUSER1.PRODUCT (PRODUCT_ID,PRODUCT_TITLE,PRODUCT_CATEGORY,PRICE,ICON_PATH) values (49,'AT&T Black Trimline Phone, Model 210','Office Machines',15.99,'./../../assets/product.ico');
Insert into TESTUSER1.PRODUCT (PRODUCT_ID,PRODUCT_TITLE,PRODUCT_CATEGORY,PRICE,ICON_PATH) values (52,'Avanti 4.4 Cu. Ft. Refrigerator','Appliances',180.98,'./../../assets/product.ico');
Insert into TESTUSER1.PRODUCT (PRODUCT_ID,PRODUCT_TITLE,PRODUCT_CATEGORY,PRICE,ICON_PATH) values (55,'Avery 478','Labels',4.91,'./../../assets/product.ico');
Insert into TESTUSER1.PRODUCT (PRODUCT_ID,PRODUCT_TITLE,PRODUCT_CATEGORY,PRICE,ICON_PATH) values (57,'Avery 481','Labels',3.08,'./../../assets/product.ico');
Insert into TESTUSER1.PRODUCT (PRODUCT_ID,PRODUCT_TITLE,PRODUCT_CATEGORY,PRICE,ICON_PATH) values (58,'Avery 485','Labels',12.53,'./../../assets/product.ico');
Insert into TESTUSER1.PRODUCT (PRODUCT_ID,PRODUCT_TITLE,PRODUCT_CATEGORY,PRICE,ICON_PATH) values (60,'Avery 49','Labels',2.88,'./../../assets/product.ico');
Insert into TESTUSER1.PRODUCT (PRODUCT_ID,PRODUCT_TITLE,PRODUCT_CATEGORY,PRICE,ICON_PATH) values (61,'Avery 491','Labels',4.13,'./../../assets/product.ico');
Insert into TESTUSER1.PRODUCT (PRODUCT_ID,PRODUCT_TITLE,PRODUCT_CATEGORY,PRICE,ICON_PATH) values (63,'Avery 493','Labels',4.91,'./../../assets/product.ico');
Insert into TESTUSER1.PRODUCT (PRODUCT_ID,PRODUCT_TITLE,PRODUCT_CATEGORY,PRICE,ICON_PATH) values (65,'Avery 497','Labels',3.08,'./../../assets/product.ico');
Insert into TESTUSER1.PRODUCT (PRODUCT_ID,PRODUCT_TITLE,PRODUCT_CATEGORY,PRICE,ICON_PATH) values (66,'Avery 498','Labels',2.89,'./../../assets/product.ico');
Insert into TESTUSER1.PRODUCT (PRODUCT_ID,PRODUCT_TITLE,PRODUCT_CATEGORY,PRICE,ICON_PATH) values (68,'Avery 507','Labels',2.88,'./../../assets/product.ico');
Insert into TESTUSER1.PRODUCT (PRODUCT_ID,PRODUCT_TITLE,PRODUCT_CATEGORY,PRICE,ICON_PATH) values (70,'Avery 510','Labels',3.75,'./../../assets/product.ico');
Insert into TESTUSER1.PRODUCT (PRODUCT_ID,PRODUCT_TITLE,PRODUCT_CATEGORY,PRICE,ICON_PATH) values (71,'Avery 52','Labels',3.69,'./../../assets/product.ico');
Insert into TESTUSER1.PRODUCT (PRODUCT_ID,PRODUCT_TITLE,PRODUCT_CATEGORY,PRICE,ICON_PATH) values (73,'Avery Arch Ring Binders','Binders and Binder Accessories',58.1,'./../../assets/product.ico');
Insert into TESTUSER1.PRODUCT (PRODUCT_ID,PRODUCT_TITLE,PRODUCT_CATEGORY,PRICE,ICON_PATH) values (76,'Avery Durable Poly Binders','Binders and Binder Accessories',5.53,'./../../assets/product.ico');
Insert into TESTUSER1.PRODUCT (PRODUCT_ID,PRODUCT_TITLE,PRODUCT_CATEGORY,PRICE,ICON_PATH) values (79,'Avery Legal 4-Ring Binder','Binders and Binder Accessories',20.98,'./../../assets/product.ico');
Insert into TESTUSER1.PRODUCT (PRODUCT_ID,PRODUCT_TITLE,PRODUCT_CATEGORY,PRICE,ICON_PATH) values (82,'Avery Trapezoid Ring Binder, 3" Capacity, Black, 1040 sheets','Binders and Binder Accessories',40.98,'./../../assets/product.ico');
Insert into TESTUSER1.PRODUCT (PRODUCT_ID,PRODUCT_TITLE,PRODUCT_CATEGORY,PRICE,ICON_PATH) values (86,'Barricks 18" x 48" Non-Folding Utility Table with Bottom Storage Shelf','Tables',100.8,'./../../assets/product.ico');
Insert into TESTUSER1.PRODUCT (PRODUCT_ID,PRODUCT_TITLE,PRODUCT_CATEGORY,PRICE,ICON_PATH) values (90,'Belkin 6 Outlet Metallic Surge Strip','Appliances',10.89,'./../../assets/product.ico');
Insert into TESTUSER1.PRODUCT (PRODUCT_ID,PRODUCT_TITLE,PRODUCT_CATEGORY,PRICE,ICON_PATH) values (93,'Belkin ErgoBoard? Keyboard','Computer Peripherals',30.98,'./../../assets/product.ico');
Insert into TESTUSER1.PRODUCT (PRODUCT_ID,PRODUCT_TITLE,PRODUCT_CATEGORY,PRICE,ICON_PATH) values (96,'Bevis 36 x 72 Conference Tables','Tables',124.49,'./../../assets/product.ico');
Insert into TESTUSER1.PRODUCT (PRODUCT_ID,PRODUCT_TITLE,PRODUCT_CATEGORY,PRICE,ICON_PATH) values (98,'Bevis Round Bullnose 29" High Table Top','Tables',259.71,'./../../assets/product.ico');
Insert into TESTUSER1.PRODUCT (PRODUCT_ID,PRODUCT_TITLE,PRODUCT_CATEGORY,PRICE,ICON_PATH) values (101,'Bevis Round Conference Table Top, X-Base','Tables',179.29,'./../../assets/product.ico');
Insert into TESTUSER1.PRODUCT (PRODUCT_ID,PRODUCT_TITLE,PRODUCT_CATEGORY,PRICE,ICON_PATH) values (104,'Binder Posts','Binders and Binder Accessories',5.74,'./../../assets/product.ico');
Insert into TESTUSER1.PRODUCT (PRODUCT_ID,PRODUCT_TITLE,PRODUCT_CATEGORY,PRICE,ICON_PATH) values (106,'Boston 16701 Slimline Battery Pencil Sharpener','Pens & Art Supplies',15.94,'./../../assets/product.ico');
Insert into TESTUSER1.PRODUCT (PRODUCT_ID,PRODUCT_TITLE,PRODUCT_CATEGORY,PRICE,ICON_PATH) values (110,'Boston Electric Pencil Sharpener, Model 1818, Charcoal Black','Pens & Art Supplies',28.15,'./../../assets/product.ico');
Insert into TESTUSER1.PRODUCT (PRODUCT_ID,PRODUCT_TITLE,PRODUCT_CATEGORY,PRICE,ICON_PATH) values (141,'Coloredge Poster Frame','Office Furnishings',14.2,'./../../assets/product.ico');
Insert into TESTUSER1.PRODUCT (PRODUCT_ID,PRODUCT_TITLE,PRODUCT_CATEGORY,PRICE,ICON_PATH) values (144,'Conquest? 14 Commercial Heavy-Duty Upright Vacuum, Collection System, Accessory Kit','Appliances',56.96,'./../../assets/product.ico');
Insert into TESTUSER1.PRODUCT (PRODUCT_ID,PRODUCT_TITLE,PRODUCT_CATEGORY,PRICE,ICON_PATH) values (148,'DAX Clear Channel Poster Frame','Office Furnishings',14.58,'./../../assets/product.ico');
Insert into TESTUSER1.PRODUCT (PRODUCT_ID,PRODUCT_TITLE,PRODUCT_CATEGORY,PRICE,ICON_PATH) values (151,'DAX Metal Frame, Desktop, Stepped-Edge','Office Furnishings',20.24,'./../../assets/product.ico');
Insert into TESTUSER1.PRODUCT (PRODUCT_ID,PRODUCT_TITLE,PRODUCT_CATEGORY,PRICE,ICON_PATH) values (154,'Deflect-o DuraMat Antistatic Studded Beveled Mat for Medium Pile Carpeting','Office Furnishings',105.34,'./../../assets/product.ico');
Insert into TESTUSER1.PRODUCT (PRODUCT_ID,PRODUCT_TITLE,PRODUCT_CATEGORY,PRICE,ICON_PATH) values (159,'Deluxe Rollaway Locking File with Drawer','Storage & Organization',415.88,'./../../assets/product.ico');
Insert into TESTUSER1.PRODUCT (PRODUCT_ID,PRODUCT_TITLE,PRODUCT_CATEGORY,PRICE,ICON_PATH) values (162,'Dixon Ticonderoga Core-Lock Colored Pencils','Pens & Art Supplies',9.11,'./../../assets/product.ico');
Insert into TESTUSER1.PRODUCT (PRODUCT_ID,PRODUCT_TITLE,PRODUCT_CATEGORY,PRICE,ICON_PATH) values (166,'Dual Level, Single-Width Filing Carts','Storage & Organization',155.06,'./../../assets/product.ico');
Insert into TESTUSER1.PRODUCT (PRODUCT_ID,PRODUCT_TITLE,PRODUCT_CATEGORY,PRICE,ICON_PATH) values (169,'Economy Binders','Binders and Binder Accessories',2.08,'./../../assets/product.ico');
Insert into TESTUSER1.PRODUCT (PRODUCT_ID,PRODUCT_TITLE,PRODUCT_CATEGORY,PRICE,ICON_PATH) values (172,'Eldon Cleatmat? Chair Mats for Medium Pile Carpets','Office Furnishings',55.5,'./../../assets/product.ico');
Insert into TESTUSER1.PRODUCT (PRODUCT_ID,PRODUCT_TITLE,PRODUCT_CATEGORY,PRICE,ICON_PATH) values (175,'Eldon Executive Woodline II Cherry Finish Desk Accessories','Office Furnishings',40.89,'./../../assets/product.ico');
Insert into TESTUSER1.PRODUCT (PRODUCT_ID,PRODUCT_TITLE,PRODUCT_CATEGORY,PRICE,ICON_PATH) values (179,'Eldon Jumbo ProFile? Portable File Boxes Graphite/Black','Storage & Organization',15.31,'./../../assets/product.ico');
Insert into TESTUSER1.PRODUCT (PRODUCT_ID,PRODUCT_TITLE,PRODUCT_CATEGORY,PRICE,ICON_PATH) values (183,'Eldon Regeneration Recycled Desk Accessories, Smoke','Office Furnishings',1.74,'./../../assets/product.ico');
Insert into TESTUSER1.PRODUCT (PRODUCT_ID,PRODUCT_TITLE,PRODUCT_CATEGORY,PRICE,ICON_PATH) values (187,'Eldon? 200 Class? Desk Accessories','Office Furnishings',6.28,'./../../assets/product.ico');
Insert into TESTUSER1.PRODUCT (PRODUCT_ID,PRODUCT_TITLE,PRODUCT_CATEGORY,PRICE,ICON_PATH) values (190,'Eldon? Expressions? Wood Desk Accessories, Oak','Office Furnishings',7.38,'./../../assets/product.ico');
Insert into TESTUSER1.PRODUCT (PRODUCT_ID,PRODUCT_TITLE,PRODUCT_CATEGORY,PRICE,ICON_PATH) values (193,'Electrix Halogen Magnifier Lamp','Office Furnishings',194.3,'./../../assets/product.ico');
Insert into TESTUSER1.PRODUCT (PRODUCT_ID,PRODUCT_TITLE,PRODUCT_CATEGORY,PRICE,ICON_PATH) values (196,'Epson DFX5000+ Dot Matrix Printer','Office Machines',1500.97,'./../../assets/product.ico');
Insert into TESTUSER1.PRODUCT (PRODUCT_ID,PRODUCT_TITLE,PRODUCT_CATEGORY,PRICE,ICON_PATH) values (199,'Eureka Disposable Bags for Sanitaire? Vibra Groomer I? Upright Vac','Appliances',4.06,'./../../assets/product.ico');
Insert into TESTUSER1.PRODUCT (PRODUCT_ID,PRODUCT_TITLE,PRODUCT_CATEGORY,PRICE,ICON_PATH) values (203,'Euro Pro Shark Stick Mini Vacuum','Appliances',60.98,'./../../assets/product.ico');
Insert into TESTUSER1.PRODUCT (PRODUCT_ID,PRODUCT_TITLE,PRODUCT_CATEGORY,PRICE,ICON_PATH) values (206,'Executive Impressions 13" Clairmont Wall Clock','Office Furnishings',19.23,'./../../assets/product.ico');
Insert into TESTUSER1.PRODUCT (PRODUCT_ID,PRODUCT_TITLE,PRODUCT_CATEGORY,PRICE,ICON_PATH) values (525,'Wilson Jones? Four-Pocket Poly Binders','Binders and Binder Accessories',6.54,'./../../assets/product.ico');
Insert into TESTUSER1.PRODUCT (PRODUCT_ID,PRODUCT_TITLE,PRODUCT_CATEGORY,PRICE,ICON_PATH) values (528,'Wirebound Message Books, Four 2 3/4" x 5" Forms per Page, 600 Sets per Book','Paper',9.27,'./../../assets/product.ico');
Insert into TESTUSER1.PRODUCT (PRODUCT_ID,PRODUCT_TITLE,PRODUCT_CATEGORY,PRICE,ICON_PATH) values (532,'Xerox 1881','Paper',12.28,'./../../assets/product.ico');
Insert into TESTUSER1.PRODUCT (PRODUCT_ID,PRODUCT_TITLE,PRODUCT_CATEGORY,PRICE,ICON_PATH) values (534,'Xerox 1885','Paper',48.04,'./../../assets/product.ico');
Insert into TESTUSER1.PRODUCT (PRODUCT_ID,PRODUCT_TITLE,PRODUCT_CATEGORY,PRICE,ICON_PATH) values (536,'Xerox 1891','Paper',48.91,'./../../assets/product.ico');
Insert into TESTUSER1.PRODUCT (PRODUCT_ID,PRODUCT_TITLE,PRODUCT_CATEGORY,PRICE,ICON_PATH) values (537,'Xerox 1892','Paper',38.76,'./../../assets/product.ico');
Insert into TESTUSER1.PRODUCT (PRODUCT_ID,PRODUCT_TITLE,PRODUCT_CATEGORY,PRICE,ICON_PATH) values (539,'Xerox 1897','Paper',4.98,'./../../assets/product.ico');
Insert into TESTUSER1.PRODUCT (PRODUCT_ID,PRODUCT_TITLE,PRODUCT_CATEGORY,PRICE,ICON_PATH) values (541,'Xerox 1899','Paper',5.78,'./../../assets/product.ico');
Insert into TESTUSER1.PRODUCT (PRODUCT_ID,PRODUCT_TITLE,PRODUCT_CATEGORY,PRICE,ICON_PATH) values (542,'Xerox 190','Paper',4.98,'./../../assets/product.ico');
Insert into TESTUSER1.PRODUCT (PRODUCT_ID,PRODUCT_TITLE,PRODUCT_CATEGORY,PRICE,ICON_PATH) values (544,'Xerox 1905','Paper',6.48,'./../../assets/product.ico');
Insert into TESTUSER1.PRODUCT (PRODUCT_ID,PRODUCT_TITLE,PRODUCT_CATEGORY,PRICE,ICON_PATH) values (546,'Xerox 1919','Paper',40.99,'./../../assets/product.ico');
Insert into TESTUSER1.PRODUCT (PRODUCT_ID,PRODUCT_TITLE,PRODUCT_CATEGORY,PRICE,ICON_PATH) values (547,'Xerox 1920','Paper',5.98,'./../../assets/product.ico');
Insert into TESTUSER1.PRODUCT (PRODUCT_ID,PRODUCT_TITLE,PRODUCT_CATEGORY,PRICE,ICON_PATH) values (549,'Xerox 1928','Paper',5.28,'./../../assets/product.ico');
Insert into TESTUSER1.PRODUCT (PRODUCT_ID,PRODUCT_TITLE,PRODUCT_CATEGORY,PRICE,ICON_PATH) values (551,'Xerox 1930','Paper',6.48,'./../../assets/product.ico');
Insert into TESTUSER1.PRODUCT (PRODUCT_ID,PRODUCT_TITLE,PRODUCT_CATEGORY,PRICE,ICON_PATH) values (552,'Xerox 1932','Paper',35.44,'./../../assets/product.ico');
Insert into TESTUSER1.PRODUCT (PRODUCT_ID,PRODUCT_TITLE,PRODUCT_CATEGORY,PRICE,ICON_PATH) values (554,'Xerox 1936','Paper',19.98,'./../../assets/product.ico');
Insert into TESTUSER1.PRODUCT (PRODUCT_ID,PRODUCT_TITLE,PRODUCT_CATEGORY,PRICE,ICON_PATH) values (556,'Xerox 1939','Paper',18.97,'./../../assets/product.ico');
Insert into TESTUSER1.PRODUCT (PRODUCT_ID,PRODUCT_TITLE,PRODUCT_CATEGORY,PRICE,ICON_PATH) values (558,'Xerox 1940','Paper',54.96,'./../../assets/product.ico');
Insert into TESTUSER1.PRODUCT (PRODUCT_ID,PRODUCT_TITLE,PRODUCT_CATEGORY,PRICE,ICON_PATH) values (559,'Xerox 1941','Paper',104.85,'./../../assets/product.ico');
Insert into TESTUSER1.PRODUCT (PRODUCT_ID,PRODUCT_TITLE,PRODUCT_CATEGORY,PRICE,ICON_PATH) values (561,'Xerox 196','Paper',5.78,'./../../assets/product.ico');
Insert into TESTUSER1.PRODUCT (PRODUCT_ID,PRODUCT_TITLE,PRODUCT_CATEGORY,PRICE,ICON_PATH) values (563,'Xerox 1966','Paper',6.48,'./../../assets/product.ico');
Insert into TESTUSER1.PRODUCT (PRODUCT_ID,PRODUCT_TITLE,PRODUCT_CATEGORY,PRICE,ICON_PATH) values (564,'Xerox 197','Paper',30.98,'./../../assets/product.ico');
Insert into TESTUSER1.PRODUCT (PRODUCT_ID,PRODUCT_TITLE,PRODUCT_CATEGORY,PRICE,ICON_PATH) values (566,'Xerox 1976','Paper',6.48,'./../../assets/product.ico');
Insert into TESTUSER1.PRODUCT (PRODUCT_ID,PRODUCT_TITLE,PRODUCT_CATEGORY,PRICE,ICON_PATH) values (568,'Xerox 1978','Paper',5.78,'./../../assets/product.ico');
Insert into TESTUSER1.PRODUCT (PRODUCT_ID,PRODUCT_TITLE,PRODUCT_CATEGORY,PRICE,ICON_PATH) values (569,'Xerox 198','Paper',4.98,'./../../assets/product.ico');
Insert into TESTUSER1.PRODUCT (PRODUCT_ID,PRODUCT_TITLE,PRODUCT_CATEGORY,PRICE,ICON_PATH) values (571,'Xerox 1982','Paper',22.84,'./../../assets/product.ico');
Insert into TESTUSER1.PRODUCT (PRODUCT_ID,PRODUCT_TITLE,PRODUCT_CATEGORY,PRICE,ICON_PATH) values (573,'Xerox 1985','Paper',6.48,'./../../assets/product.ico');
Insert into TESTUSER1.PRODUCT (PRODUCT_ID,PRODUCT_TITLE,PRODUCT_CATEGORY,PRICE,ICON_PATH) values (574,'Xerox 1989','Paper',4.98,'./../../assets/product.ico');
Insert into TESTUSER1.PRODUCT (PRODUCT_ID,PRODUCT_TITLE,PRODUCT_CATEGORY,PRICE,ICON_PATH) values (576,'Xerox 1992','Paper',5.98,'./../../assets/product.ico');
Insert into TESTUSER1.PRODUCT (PRODUCT_ID,PRODUCT_TITLE,PRODUCT_CATEGORY,PRICE,ICON_PATH) values (578,'Xerox 1994','Paper',6.48,'./../../assets/product.ico');
Insert into TESTUSER1.PRODUCT (PRODUCT_ID,PRODUCT_TITLE,PRODUCT_CATEGORY,PRICE,ICON_PATH) values (579,'Xerox 1995','Paper',6.48,'./../../assets/product.ico');
Insert into TESTUSER1.PRODUCT (PRODUCT_ID,PRODUCT_TITLE,PRODUCT_CATEGORY,PRICE,ICON_PATH) values (581,'Xerox 21','Paper',6.48,'./../../assets/product.ico');
Insert into TESTUSER1.PRODUCT (PRODUCT_ID,PRODUCT_TITLE,PRODUCT_CATEGORY,PRICE,ICON_PATH) values (583,'Xerox 214','Paper',6.48,'./../../assets/product.ico');
Insert into TESTUSER1.PRODUCT (PRODUCT_ID,PRODUCT_TITLE,PRODUCT_CATEGORY,PRICE,ICON_PATH) values (584,'Xerox 217','Paper',6.48,'./../../assets/product.ico');
Insert into TESTUSER1.PRODUCT (PRODUCT_ID,PRODUCT_TITLE,PRODUCT_CATEGORY,PRICE,ICON_PATH) values (586,'Xerox 224','Paper',6.48,'./../../assets/product.ico');
Insert into TESTUSER1.PRODUCT (PRODUCT_ID,PRODUCT_TITLE,PRODUCT_CATEGORY,PRICE,ICON_PATH) values (587,'Xerox 226','Paper',6.48,'./../../assets/product.ico');
Insert into TESTUSER1.PRODUCT (PRODUCT_ID,PRODUCT_TITLE,PRODUCT_CATEGORY,PRICE,ICON_PATH) values (589,'Xerox 4200 Series MultiUse Premium Copy Paper (20Lb. and 84 Bright)','Paper',5.28,'./../../assets/product.ico');
Insert into TESTUSER1.PRODUCT (PRODUCT_ID,PRODUCT_TITLE,PRODUCT_CATEGORY,PRICE,ICON_PATH) values (593,'Zoom V.92 V.44 PCI Internal Controllerless FaxModem','Computer Peripherals',39.99,'./../../assets/product.ico');
REM INSERTING into TESTUSER1.SUPPLIER
SET DEFINE OFF;
Insert into TESTUSER1.SUPPLIER (SUPPLIER_ID,SUPPLIER_NAME,ADDRESS_ID,ABOUT,ICON_PATH) values (1,'Aaron Bergman',2,'Some details regarding supplier.','./../../assets/supplier.ico');
Insert into TESTUSER1.SUPPLIER (SUPPLIER_ID,SUPPLIER_NAME,ADDRESS_ID,ABOUT,ICON_PATH) values (2,'Adrian Hane',1,'Some details regarding supplier.','./../../assets/supplier.ico');
Insert into TESTUSER1.SUPPLIER (SUPPLIER_ID,SUPPLIER_NAME,ADDRESS_ID,ABOUT,ICON_PATH) values (3,'Alan Barnes',2,'Some details regarding supplier.','./../../assets/supplier.ico');
Insert into TESTUSER1.SUPPLIER (SUPPLIER_ID,SUPPLIER_NAME,ADDRESS_ID,ABOUT,ICON_PATH) values (4,'Alex Avila',1,'Some details regarding supplier.','./../../assets/supplier.ico');
Insert into TESTUSER1.SUPPLIER (SUPPLIER_ID,SUPPLIER_NAME,ADDRESS_ID,ABOUT,ICON_PATH) values (5,'Allen Rosenblatt',1,'Some details regarding supplier.','./../../assets/supplier.ico');
Insert into TESTUSER1.SUPPLIER (SUPPLIER_ID,SUPPLIER_NAME,ADDRESS_ID,ABOUT,ICON_PATH) values (6,'Andrew Gjertsen',2,'Some details regarding supplier.','./../../assets/supplier.ico');
Insert into TESTUSER1.SUPPLIER (SUPPLIER_ID,SUPPLIER_NAME,ADDRESS_ID,ABOUT,ICON_PATH) values (7,'Angele Hood',2,'Some details regarding supplier.','./../../assets/supplier.ico');
Insert into TESTUSER1.SUPPLIER (SUPPLIER_ID,SUPPLIER_NAME,ADDRESS_ID,ABOUT,ICON_PATH) values (8,'Ann Chong',1,'Some details regarding supplier.','./../../assets/supplier.ico');
Insert into TESTUSER1.SUPPLIER (SUPPLIER_ID,SUPPLIER_NAME,ADDRESS_ID,ABOUT,ICON_PATH) values (9,'Anna Andreadi',1,'Some details regarding supplier.','./../../assets/supplier.ico');
Insert into TESTUSER1.SUPPLIER (SUPPLIER_ID,SUPPLIER_NAME,ADDRESS_ID,ABOUT,ICON_PATH) values (10,'Annie Cyprus',1,'Some details regarding supplier.','./../../assets/supplier.ico');
Insert into TESTUSER1.SUPPLIER (SUPPLIER_ID,SUPPLIER_NAME,ADDRESS_ID,ABOUT,ICON_PATH) values (11,'Anthony Johnson',2,'Some details regarding supplier.','./../../assets/supplier.ico');
Insert into TESTUSER1.SUPPLIER (SUPPLIER_ID,SUPPLIER_NAME,ADDRESS_ID,ABOUT,ICON_PATH) values (12,'Anthony O''Donnell',1,'Some details regarding supplier.','./../../assets/supplier.ico');
Insert into TESTUSER1.SUPPLIER (SUPPLIER_ID,SUPPLIER_NAME,ADDRESS_ID,ABOUT,ICON_PATH) values (13,'Barbara Fisher',1,'Some details regarding supplier.','./../../assets/supplier.ico');
Insert into TESTUSER1.SUPPLIER (SUPPLIER_ID,SUPPLIER_NAME,ADDRESS_ID,ABOUT,ICON_PATH) values (14,'Barry French',1,'Some details regarding supplier.','./../../assets/supplier.ico');
Insert into TESTUSER1.SUPPLIER (SUPPLIER_ID,SUPPLIER_NAME,ADDRESS_ID,ABOUT,ICON_PATH) values (15,'Barry Weirich',2,'Some details regarding supplier.','./../../assets/supplier.ico');
Insert into TESTUSER1.SUPPLIER (SUPPLIER_ID,SUPPLIER_NAME,ADDRESS_ID,ABOUT,ICON_PATH) values (16,'Becky Castell',1,'Some details regarding supplier.','./../../assets/supplier.ico');
Insert into TESTUSER1.SUPPLIER (SUPPLIER_ID,SUPPLIER_NAME,ADDRESS_ID,ABOUT,ICON_PATH) values (17,'Beth Paige',1,'Some details regarding supplier.','./../../assets/supplier.ico');
Insert into TESTUSER1.SUPPLIER (SUPPLIER_ID,SUPPLIER_NAME,ADDRESS_ID,ABOUT,ICON_PATH) values (18,'Beth Thompson',1,'Some details regarding supplier.','./../../assets/supplier.ico');
Insert into TESTUSER1.SUPPLIER (SUPPLIER_ID,SUPPLIER_NAME,ADDRESS_ID,ABOUT,ICON_PATH) values (19,'Brad Eason',1,'Some details regarding supplier.','./../../assets/supplier.ico');
Insert into TESTUSER1.SUPPLIER (SUPPLIER_ID,SUPPLIER_NAME,ADDRESS_ID,ABOUT,ICON_PATH) values (20,'Brendan Dodson',1,'Some details regarding supplier.','./../../assets/supplier.ico');
Insert into TESTUSER1.SUPPLIER (SUPPLIER_ID,SUPPLIER_NAME,ADDRESS_ID,ABOUT,ICON_PATH) values (21,'Brian Moss',1,'Some details regarding supplier.','./../../assets/supplier.ico');
Insert into TESTUSER1.SUPPLIER (SUPPLIER_ID,SUPPLIER_NAME,ADDRESS_ID,ABOUT,ICON_PATH) values (22,'Bryan Davis',1,'Some details regarding supplier.','./../../assets/supplier.ico');
Insert into TESTUSER1.SUPPLIER (SUPPLIER_ID,SUPPLIER_NAME,ADDRESS_ID,ABOUT,ICON_PATH) values (23,'Bryan Mills',1,'Some details regarding supplier.','./../../assets/supplier.ico');
Insert into TESTUSER1.SUPPLIER (SUPPLIER_ID,SUPPLIER_NAME,ADDRESS_ID,ABOUT,ICON_PATH) values (24,'Cari Schnelling',1,'Some details regarding supplier.','./../../assets/supplier.ico');
Insert into TESTUSER1.SUPPLIER (SUPPLIER_ID,SUPPLIER_NAME,ADDRESS_ID,ABOUT,ICON_PATH) values (25,'Carl Jackson',1,'Some details regarding supplier.','./../../assets/supplier.ico');
Insert into TESTUSER1.SUPPLIER (SUPPLIER_ID,SUPPLIER_NAME,ADDRESS_ID,ABOUT,ICON_PATH) values (26,'Carl Ludwig',1,'Some details regarding supplier.','./../../assets/supplier.ico');
Insert into TESTUSER1.SUPPLIER (SUPPLIER_ID,SUPPLIER_NAME,ADDRESS_ID,ABOUT,ICON_PATH) values (27,'Carlos Daly',1,'Some details regarding supplier.','./../../assets/supplier.ico');
Insert into TESTUSER1.SUPPLIER (SUPPLIER_ID,SUPPLIER_NAME,ADDRESS_ID,ABOUT,ICON_PATH) values (28,'Carlos Soltero',1,'Some details regarding supplier.','./../../assets/supplier.ico');
Insert into TESTUSER1.SUPPLIER (SUPPLIER_ID,SUPPLIER_NAME,ADDRESS_ID,ABOUT,ICON_PATH) values (29,'Chad Cunningham',1,'Some details regarding supplier.','./../../assets/supplier.ico');
Insert into TESTUSER1.SUPPLIER (SUPPLIER_ID,SUPPLIER_NAME,ADDRESS_ID,ABOUT,ICON_PATH) values (30,'Charles McCrossin',1,'Some details regarding supplier.','./../../assets/supplier.ico');
Insert into TESTUSER1.SUPPLIER (SUPPLIER_ID,SUPPLIER_NAME,ADDRESS_ID,ABOUT,ICON_PATH) values (31,'Charlotte Melton',1,'Some details regarding supplier.','./../../assets/supplier.ico');
Insert into TESTUSER1.SUPPLIER (SUPPLIER_ID,SUPPLIER_NAME,ADDRESS_ID,ABOUT,ICON_PATH) values (32,'Christina DeMoss',1,'Some details regarding supplier.','./../../assets/supplier.ico');
Insert into TESTUSER1.SUPPLIER (SUPPLIER_ID,SUPPLIER_NAME,ADDRESS_ID,ABOUT,ICON_PATH) values (33,'Christina Vanderzanden',1,'Some details regarding supplier.','./../../assets/supplier.ico');
Insert into TESTUSER1.SUPPLIER (SUPPLIER_ID,SUPPLIER_NAME,ADDRESS_ID,ABOUT,ICON_PATH) values (34,'Christopher Schild',1,'Some details regarding supplier.','./../../assets/supplier.ico');
Insert into TESTUSER1.SUPPLIER (SUPPLIER_ID,SUPPLIER_NAME,ADDRESS_ID,ABOUT,ICON_PATH) values (35,'Chuck Magee',1,'Some details regarding supplier.','./../../assets/supplier.ico');
Insert into TESTUSER1.SUPPLIER (SUPPLIER_ID,SUPPLIER_NAME,ADDRESS_ID,ABOUT,ICON_PATH) values (36,'Cindy Schnelling',1,'Some details regarding supplier.','./../../assets/supplier.ico');
Insert into TESTUSER1.SUPPLIER (SUPPLIER_ID,SUPPLIER_NAME,ADDRESS_ID,ABOUT,ICON_PATH) values (37,'Claudia Miner',1,'Some details regarding supplier.','./../../assets/supplier.ico');
Insert into TESTUSER1.SUPPLIER (SUPPLIER_ID,SUPPLIER_NAME,ADDRESS_ID,ABOUT,ICON_PATH) values (38,'Clay Rozendal',1,'Some details regarding supplier.','./../../assets/supplier.ico');
Insert into TESTUSER1.SUPPLIER (SUPPLIER_ID,SUPPLIER_NAME,ADDRESS_ID,ABOUT,ICON_PATH) values (39,'Dan Reichenbach',1,'Some details regarding supplier.','./../../assets/supplier.ico');
Insert into TESTUSER1.SUPPLIER (SUPPLIER_ID,SUPPLIER_NAME,ADDRESS_ID,ABOUT,ICON_PATH) values (40,'Delfina Latchford',1,'Some details regarding supplier.','./../../assets/supplier.ico');
Insert into TESTUSER1.SUPPLIER (SUPPLIER_ID,SUPPLIER_NAME,ADDRESS_ID,ABOUT,ICON_PATH) values (41,'Dennis Bolton',1,'Some details regarding supplier.','./../../assets/supplier.ico');
Insert into TESTUSER1.SUPPLIER (SUPPLIER_ID,SUPPLIER_NAME,ADDRESS_ID,ABOUT,ICON_PATH) values (42,'Don Jones',1,'Some details regarding supplier.','./../../assets/supplier.ico');
Insert into TESTUSER1.SUPPLIER (SUPPLIER_ID,SUPPLIER_NAME,ADDRESS_ID,ABOUT,ICON_PATH) values (43,'Don Miller',1,'Some details regarding supplier.','./../../assets/supplier.ico');
Insert into TESTUSER1.SUPPLIER (SUPPLIER_ID,SUPPLIER_NAME,ADDRESS_ID,ABOUT,ICON_PATH) values (44,'Dorothy Badders',1,'Some details regarding supplier.','./../../assets/supplier.ico');
Insert into TESTUSER1.SUPPLIER (SUPPLIER_ID,SUPPLIER_NAME,ADDRESS_ID,ABOUT,ICON_PATH) values (45,'Dorothy Wardle',1,'Some details regarding supplier.','./../../assets/supplier.ico');
Insert into TESTUSER1.SUPPLIER (SUPPLIER_ID,SUPPLIER_NAME,ADDRESS_ID,ABOUT,ICON_PATH) values (47,'Edward Hooks',1,'Some details regarding supplier.','./../../assets/supplier.ico');
Insert into TESTUSER1.SUPPLIER (SUPPLIER_ID,SUPPLIER_NAME,ADDRESS_ID,ABOUT,ICON_PATH) values (48,'Emily Grady',1,'Some details regarding supplier.','./../../assets/supplier.ico');
Insert into TESTUSER1.SUPPLIER (SUPPLIER_ID,SUPPLIER_NAME,ADDRESS_ID,ABOUT,ICON_PATH) values (50,'Eugene Barchas',1,'Some details regarding supplier.','./../../assets/supplier.ico');
Insert into TESTUSER1.SUPPLIER (SUPPLIER_ID,SUPPLIER_NAME,ADDRESS_ID,ABOUT,ICON_PATH) values (52,'Filia McAdams',1,'Some details regarding supplier.','./../../assets/supplier.ico');
Insert into TESTUSER1.SUPPLIER (SUPPLIER_ID,SUPPLIER_NAME,ADDRESS_ID,ABOUT,ICON_PATH) values (53,'Frank Atkinson',1,'Some details regarding supplier.','./../../assets/supplier.ico');
Insert into TESTUSER1.SUPPLIER (SUPPLIER_ID,SUPPLIER_NAME,ADDRESS_ID,ABOUT,ICON_PATH) values (55,'Fred Wasserman',1,'Some details regarding supplier.','./../../assets/supplier.ico');
Insert into TESTUSER1.SUPPLIER (SUPPLIER_ID,SUPPLIER_NAME,ADDRESS_ID,ABOUT,ICON_PATH) values (57,'Giulietta Baptist',1,'Some details regarding supplier.','./../../assets/supplier.ico');
Insert into TESTUSER1.SUPPLIER (SUPPLIER_ID,SUPPLIER_NAME,ADDRESS_ID,ABOUT,ICON_PATH) values (58,'Grant Carroll',1,'Some details regarding supplier.','./../../assets/supplier.ico');
Insert into TESTUSER1.SUPPLIER (SUPPLIER_ID,SUPPLIER_NAME,ADDRESS_ID,ABOUT,ICON_PATH) values (60,'Guy Armstrong',1,'Some details regarding supplier.','./../../assets/supplier.ico');
Insert into TESTUSER1.SUPPLIER (SUPPLIER_ID,SUPPLIER_NAME,ADDRESS_ID,ABOUT,ICON_PATH) values (61,'Harold Engle',1,'Some details regarding supplier.','./../../assets/supplier.ico');
Insert into TESTUSER1.SUPPLIER (SUPPLIER_ID,SUPPLIER_NAME,ADDRESS_ID,ABOUT,ICON_PATH) values (63,'Helen Abelman',1,'Some details regarding supplier.','./../../assets/supplier.ico');
Insert into TESTUSER1.SUPPLIER (SUPPLIER_ID,SUPPLIER_NAME,ADDRESS_ID,ABOUT,ICON_PATH) values (65,'Hilary Holden',1,'Some details regarding supplier.','./../../assets/supplier.ico');
Insert into TESTUSER1.SUPPLIER (SUPPLIER_ID,SUPPLIER_NAME,ADDRESS_ID,ABOUT,ICON_PATH) values (66,'Hunter Glantz',1,'Some details regarding supplier.','./../../assets/supplier.ico');
Insert into TESTUSER1.SUPPLIER (SUPPLIER_ID,SUPPLIER_NAME,ADDRESS_ID,ABOUT,ICON_PATH) values (68,'Jack Lebron',1,'Some details regarding supplier.','./../../assets/supplier.ico');
Insert into TESTUSER1.SUPPLIER (SUPPLIER_ID,SUPPLIER_NAME,ADDRESS_ID,ABOUT,ICON_PATH) values (69,'Jamie Kunitz',1,'Some details regarding supplier.','./../../assets/supplier.ico');
Insert into TESTUSER1.SUPPLIER (SUPPLIER_ID,SUPPLIER_NAME,ADDRESS_ID,ABOUT,ICON_PATH) values (71,'Jennifer Braxton',1,'Some details regarding supplier.','./../../assets/supplier.ico');
Insert into TESTUSER1.SUPPLIER (SUPPLIER_ID,SUPPLIER_NAME,ADDRESS_ID,ABOUT,ICON_PATH) values (73,'Jim Karlsson',1,'Some details regarding supplier.','./../../assets/supplier.ico');
Insert into TESTUSER1.SUPPLIER (SUPPLIER_ID,SUPPLIER_NAME,ADDRESS_ID,ABOUT,ICON_PATH) values (74,'Jim Radford',1,'Some details regarding supplier.','./../../assets/supplier.ico');
Insert into TESTUSER1.SUPPLIER (SUPPLIER_ID,SUPPLIER_NAME,ADDRESS_ID,ABOUT,ICON_PATH) values (76,'Jocasta Rupert',1,'Some details regarding supplier.','./../../assets/supplier.ico');
Insert into TESTUSER1.SUPPLIER (SUPPLIER_ID,SUPPLIER_NAME,ADDRESS_ID,ABOUT,ICON_PATH) values (78,'Joy Smith',1,'Some details regarding supplier.','./../../assets/supplier.ico');
Insert into TESTUSER1.SUPPLIER (SUPPLIER_ID,SUPPLIER_NAME,ADDRESS_ID,ABOUT,ICON_PATH) values (79,'Julia West',1,'Some details regarding supplier.','./../../assets/supplier.ico');
Insert into TESTUSER1.SUPPLIER (SUPPLIER_ID,SUPPLIER_NAME,ADDRESS_ID,ABOUT,ICON_PATH) values (81,'Justin Knight',1,'Some details regarding supplier.','./../../assets/supplier.ico');
Insert into TESTUSER1.SUPPLIER (SUPPLIER_ID,SUPPLIER_NAME,ADDRESS_ID,ABOUT,ICON_PATH) values (82,'Kelly Williams',1,'Some details regarding supplier.','./../../assets/supplier.ico');
Insert into TESTUSER1.SUPPLIER (SUPPLIER_ID,SUPPLIER_NAME,ADDRESS_ID,ABOUT,ICON_PATH) values (84,'Lena Cacioppo',1,'Some details regarding supplier.','./../../assets/supplier.ico');
Insert into TESTUSER1.SUPPLIER (SUPPLIER_ID,SUPPLIER_NAME,ADDRESS_ID,ABOUT,ICON_PATH) values (86,'Logan Haushalter',1,'Some details regarding supplier.','./../../assets/supplier.ico');
Insert into TESTUSER1.SUPPLIER (SUPPLIER_ID,SUPPLIER_NAME,ADDRESS_ID,ABOUT,ICON_PATH) values (87,'Luke Weiss',1,'Some details regarding supplier.','./../../assets/supplier.ico');
Insert into TESTUSER1.SUPPLIER (SUPPLIER_ID,SUPPLIER_NAME,ADDRESS_ID,ABOUT,ICON_PATH) values (89,'Matt Collins',1,'Some details regarding supplier.','./../../assets/supplier.ico');
Insert into TESTUSER1.SUPPLIER (SUPPLIER_ID,SUPPLIER_NAME,ADDRESS_ID,ABOUT,ICON_PATH) values (90,'Michelle Arnett',1,'Some details regarding supplier.','./../../assets/supplier.ico');
Insert into TESTUSER1.SUPPLIER (SUPPLIER_ID,SUPPLIER_NAME,ADDRESS_ID,ABOUT,ICON_PATH) values (92,'Mike Pelletier',1,'Some details regarding supplier.','./../../assets/supplier.ico');
Insert into TESTUSER1.SUPPLIER (SUPPLIER_ID,SUPPLIER_NAME,ADDRESS_ID,ABOUT,ICON_PATH) values (93,'Monica Federle',1,'Some details regarding supplier.','./../../assets/supplier.ico');
Insert into TESTUSER1.SUPPLIER (SUPPLIER_ID,SUPPLIER_NAME,ADDRESS_ID,ABOUT,ICON_PATH) values (95,'Neola Schneider',1,'Some details regarding supplier.','./../../assets/supplier.ico');
Insert into TESTUSER1.SUPPLIER (SUPPLIER_ID,SUPPLIER_NAME,ADDRESS_ID,ABOUT,ICON_PATH) values (96,'Nicole Hansen',1,'Some details regarding supplier.','./../../assets/supplier.ico');
Insert into TESTUSER1.SUPPLIER (SUPPLIER_ID,SUPPLIER_NAME,ADDRESS_ID,ABOUT,ICON_PATH) values (98,'Paul Gonzalez',1,'Some details regarding supplier.','./../../assets/supplier.ico');
Insert into TESTUSER1.SUPPLIER (SUPPLIER_ID,SUPPLIER_NAME,ADDRESS_ID,ABOUT,ICON_PATH) values (100,'Ralph Arnett',1,'Some details regarding supplier.','./../../assets/supplier.ico');
Insert into TESTUSER1.SUPPLIER (SUPPLIER_ID,SUPPLIER_NAME,ADDRESS_ID,ABOUT,ICON_PATH) values (101,'Ralph Knight',1,'Some details regarding supplier.','./../../assets/supplier.ico');
Insert into TESTUSER1.SUPPLIER (SUPPLIER_ID,SUPPLIER_NAME,ADDRESS_ID,ABOUT,ICON_PATH) values (103,'Rick Reed',1,'Some details regarding supplier.','./../../assets/supplier.ico');
Insert into TESTUSER1.SUPPLIER (SUPPLIER_ID,SUPPLIER_NAME,ADDRESS_ID,ABOUT,ICON_PATH) values (104,'Rob Haberlin',1,'Some details regarding supplier.','./../../assets/supplier.ico');
Insert into TESTUSER1.SUPPLIER (SUPPLIER_ID,SUPPLIER_NAME,ADDRESS_ID,ABOUT,ICON_PATH) values (106,'Roy Skaria',1,'Some details regarding supplier.','./../../assets/supplier.ico');
Insert into TESTUSER1.SUPPLIER (SUPPLIER_ID,SUPPLIER_NAME,ADDRESS_ID,ABOUT,ICON_PATH) values (108,'Sanjit Chand',1,'Some details regarding supplier.','./../../assets/supplier.ico');
Insert into TESTUSER1.SUPPLIER (SUPPLIER_ID,SUPPLIER_NAME,ADDRESS_ID,ABOUT,ICON_PATH) values (109,'Sarah Foster',1,'Some details regarding supplier.','./../../assets/supplier.ico');
Insert into TESTUSER1.SUPPLIER (SUPPLIER_ID,SUPPLIER_NAME,ADDRESS_ID,ABOUT,ICON_PATH) values (111,'Skye Norling',1,'Some details regarding supplier.','./../../assets/supplier.ico');
Insert into TESTUSER1.SUPPLIER (SUPPLIER_ID,SUPPLIER_NAME,ADDRESS_ID,ABOUT,ICON_PATH) values (112,'Sonia Sunley',1,'Some details regarding supplier.','./../../assets/supplier.ico');
Insert into TESTUSER1.SUPPLIER (SUPPLIER_ID,SUPPLIER_NAME,ADDRESS_ID,ABOUT,ICON_PATH) values (114,'Susan Vittorini',1,'Some details regarding supplier.','./../../assets/supplier.ico');
Insert into TESTUSER1.SUPPLIER (SUPPLIER_ID,SUPPLIER_NAME,ADDRESS_ID,ABOUT,ICON_PATH) values (115,'Sylvia Foulston',1,'Some details regarding supplier.','./../../assets/supplier.ico');
Insert into TESTUSER1.SUPPLIER (SUPPLIER_ID,SUPPLIER_NAME,ADDRESS_ID,ABOUT,ICON_PATH) values (117,'Toby Braunhardt',1,'Some details regarding supplier.','./../../assets/supplier.ico');
Insert into TESTUSER1.SUPPLIER (SUPPLIER_ID,SUPPLIER_NAME,ADDRESS_ID,ABOUT,ICON_PATH) values (46,'Doug Bickford',1,'Some details regarding supplier.','./../../assets/supplier.ico');
Insert into TESTUSER1.SUPPLIER (SUPPLIER_ID,SUPPLIER_NAME,ADDRESS_ID,ABOUT,ICON_PATH) values (49,'Erica Bern',1,'Some details regarding supplier.','./../../assets/supplier.ico');
Insert into TESTUSER1.SUPPLIER (SUPPLIER_ID,SUPPLIER_NAME,ADDRESS_ID,ABOUT,ICON_PATH) values (51,'Evan Minnotte',1,'Some details regarding supplier.','./../../assets/supplier.ico');
Insert into TESTUSER1.SUPPLIER (SUPPLIER_ID,SUPPLIER_NAME,ADDRESS_ID,ABOUT,ICON_PATH) values (54,'Frank Price',1,'Some details regarding supplier.','./../../assets/supplier.ico');
Insert into TESTUSER1.SUPPLIER (SUPPLIER_ID,SUPPLIER_NAME,ADDRESS_ID,ABOUT,ICON_PATH) values (56,'Gene Hale',1,'Some details regarding supplier.','./../../assets/supplier.ico');
Insert into TESTUSER1.SUPPLIER (SUPPLIER_ID,SUPPLIER_NAME,ADDRESS_ID,ABOUT,ICON_PATH) values (59,'Greg Guthrie',1,'Some details regarding supplier.','./../../assets/supplier.ico');
Insert into TESTUSER1.SUPPLIER (SUPPLIER_ID,SUPPLIER_NAME,ADDRESS_ID,ABOUT,ICON_PATH) values (62,'Heather Kirkland',1,'Some details regarding supplier.','./../../assets/supplier.ico');
Insert into TESTUSER1.SUPPLIER (SUPPLIER_ID,SUPPLIER_NAME,ADDRESS_ID,ABOUT,ICON_PATH) values (64,'Henry Goldwyn',1,'Some details regarding supplier.','./../../assets/supplier.ico');
Insert into TESTUSER1.SUPPLIER (SUPPLIER_ID,SUPPLIER_NAME,ADDRESS_ID,ABOUT,ICON_PATH) values (67,'Jack Garza',1,'Some details regarding supplier.','./../../assets/supplier.ico');
Insert into TESTUSER1.SUPPLIER (SUPPLIER_ID,SUPPLIER_NAME,ADDRESS_ID,ABOUT,ICON_PATH) values (70,'Jenna Caffey',1,'Some details regarding supplier.','./../../assets/supplier.ico');
Insert into TESTUSER1.SUPPLIER (SUPPLIER_ID,SUPPLIER_NAME,ADDRESS_ID,ABOUT,ICON_PATH) values (72,'Jeremy Lonsdale',1,'Some details regarding supplier.','./../../assets/supplier.ico');
Insert into TESTUSER1.SUPPLIER (SUPPLIER_ID,SUPPLIER_NAME,ADDRESS_ID,ABOUT,ICON_PATH) values (75,'Jim Sink',1,'Some details regarding supplier.','./../../assets/supplier.ico');
Insert into TESTUSER1.SUPPLIER (SUPPLIER_ID,SUPPLIER_NAME,ADDRESS_ID,ABOUT,ICON_PATH) values (77,'Joy Bell',1,'Some details regarding supplier.','./../../assets/supplier.ico');
Insert into TESTUSER1.SUPPLIER (SUPPLIER_ID,SUPPLIER_NAME,ADDRESS_ID,ABOUT,ICON_PATH) values (80,'Julie Creighton',1,'Some details regarding supplier.','./../../assets/supplier.ico');
Insert into TESTUSER1.SUPPLIER (SUPPLIER_ID,SUPPLIER_NAME,ADDRESS_ID,ABOUT,ICON_PATH) values (83,'Kimberly Carter',1,'Some details regarding supplier.','./../../assets/supplier.ico');
Insert into TESTUSER1.SUPPLIER (SUPPLIER_ID,SUPPLIER_NAME,ADDRESS_ID,ABOUT,ICON_PATH) values (85,'Lisa DeCherney',1,'Some details regarding supplier.','./../../assets/supplier.ico');
Insert into TESTUSER1.SUPPLIER (SUPPLIER_ID,SUPPLIER_NAME,ADDRESS_ID,ABOUT,ICON_PATH) values (88,'Marina Lichtenstein',1,'Some details regarding supplier.','./../../assets/supplier.ico');
Insert into TESTUSER1.SUPPLIER (SUPPLIER_ID,SUPPLIER_NAME,ADDRESS_ID,ABOUT,ICON_PATH) values (91,'Michelle Lonsdale',1,'Some details regarding supplier.','./../../assets/supplier.ico');
Insert into TESTUSER1.SUPPLIER (SUPPLIER_ID,SUPPLIER_NAME,ADDRESS_ID,ABOUT,ICON_PATH) values (94,'Muhammed MacIntyre',1,'Some details regarding supplier.','./../../assets/supplier.ico');
Insert into TESTUSER1.SUPPLIER (SUPPLIER_ID,SUPPLIER_NAME,ADDRESS_ID,ABOUT,ICON_PATH) values (97,'Noah Childs',1,'Some details regarding supplier.','./../../assets/supplier.ico');
Insert into TESTUSER1.SUPPLIER (SUPPLIER_ID,SUPPLIER_NAME,ADDRESS_ID,ABOUT,ICON_PATH) values (99,'Philip Brown',1,'Some details regarding supplier.','./../../assets/supplier.ico');
Insert into TESTUSER1.SUPPLIER (SUPPLIER_ID,SUPPLIER_NAME,ADDRESS_ID,ABOUT,ICON_PATH) values (102,'Rick Duston',1,'Some details regarding supplier.','./../../assets/supplier.ico');
Insert into TESTUSER1.SUPPLIER (SUPPLIER_ID,SUPPLIER_NAME,ADDRESS_ID,ABOUT,ICON_PATH) values (105,'Roy French',1,'Some details regarding supplier.','./../../assets/supplier.ico');
Insert into TESTUSER1.SUPPLIER (SUPPLIER_ID,SUPPLIER_NAME,ADDRESS_ID,ABOUT,ICON_PATH) values (107,'Sally Knutson',1,'Some details regarding supplier.','./../../assets/supplier.ico');
Insert into TESTUSER1.SUPPLIER (SUPPLIER_ID,SUPPLIER_NAME,ADDRESS_ID,ABOUT,ICON_PATH) values (110,'Seth Vernon',1,'Some details regarding supplier.','./../../assets/supplier.ico');
Insert into TESTUSER1.SUPPLIER (SUPPLIER_ID,SUPPLIER_NAME,ADDRESS_ID,ABOUT,ICON_PATH) values (113,'Stewart Carmichael',1,'Some details regarding supplier.','./../../assets/supplier.ico');
Insert into TESTUSER1.SUPPLIER (SUPPLIER_ID,SUPPLIER_NAME,ADDRESS_ID,ABOUT,ICON_PATH) values (116,'Thomas Seio',1,'Some details regarding supplier.','./../../assets/supplier.ico');
REM INSERTING into TESTUSER1.SUPPLIER_ADDRESS
SET DEFINE OFF;
Insert into TESTUSER1.SUPPLIER_ADDRESS (ID,COUNTRY,CITY,ADDRESS_LINE1,ADRESS_LINE2) values (1,'INDIA','Bhubaneswar','CSPUR','Patia');
Insert into TESTUSER1.SUPPLIER_ADDRESS (ID,COUNTRY,CITY,ADDRESS_LINE1,ADRESS_LINE2) values (2,'USA','LA','Line1','Line2');
--------------------------------------------------------
--  DDL for Index MASTER_PK
--------------------------------------------------------

  CREATE UNIQUE INDEX "TESTUSER1"."MASTER_PK" ON "TESTUSER1"."MASTER" ("ID") 
  PCTFREE 10 INITRANS 2 MAXTRANS 255 COMPUTE STATISTICS 
  STORAGE(INITIAL 65536 NEXT 1048576 MINEXTENTS 1 MAXEXTENTS 2147483645
  PCTINCREASE 0 FREELISTS 1 FREELIST GROUPS 1 BUFFER_POOL DEFAULT)
  TABLESPACE "USERS" ;
--------------------------------------------------------
--  DDL for Index PRODUCT_PK
--------------------------------------------------------

  CREATE UNIQUE INDEX "TESTUSER1"."PRODUCT_PK" ON "TESTUSER1"."PRODUCT" ("PRODUCT_ID") 
  PCTFREE 10 INITRANS 2 MAXTRANS 255 COMPUTE STATISTICS 
  STORAGE(INITIAL 65536 NEXT 1048576 MINEXTENTS 1 MAXEXTENTS 2147483645
  PCTINCREASE 0 FREELISTS 1 FREELIST GROUPS 1 BUFFER_POOL DEFAULT)
  TABLESPACE "USERS" ;
--------------------------------------------------------
--  DDL for Index SUPPLIER_ADDRESS_PK
--------------------------------------------------------

  CREATE UNIQUE INDEX "TESTUSER1"."SUPPLIER_ADDRESS_PK" ON "TESTUSER1"."SUPPLIER_ADDRESS" ("ID") 
  PCTFREE 10 INITRANS 2 MAXTRANS 255 
  STORAGE(INITIAL 65536 NEXT 1048576 MINEXTENTS 1 MAXEXTENTS 2147483645
  PCTINCREASE 0 FREELISTS 1 FREELIST GROUPS 1 BUFFER_POOL DEFAULT)
  TABLESPACE "USERS" ;
--------------------------------------------------------
--  DDL for Index TABLE1_PK
--------------------------------------------------------

  CREATE UNIQUE INDEX "TESTUSER1"."TABLE1_PK" ON "TESTUSER1"."SUPPLIER" ("SUPPLIER_ID") 
  PCTFREE 10 INITRANS 2 MAXTRANS 255 COMPUTE STATISTICS 
  STORAGE(INITIAL 65536 NEXT 1048576 MINEXTENTS 1 MAXEXTENTS 2147483645
  PCTINCREASE 0 FREELISTS 1 FREELIST GROUPS 1 BUFFER_POOL DEFAULT)
  TABLESPACE "USERS" ;
--------------------------------------------------------
--  DDL for Function DM_CL_BUILD_DUMMY
--------------------------------------------------------

  CREATE OR REPLACE FUNCTION "CTXSYS"."DM_CL_BUILD_DUMMY" (
  model_name in varchar2,
  train_data_cursor in dm_cl_cur.transdbcur_t,
  settings_cursor in dm_cl_cur.settingcur_t
) return dmclbos authid current_user
pipelined is
  rec dmclbo := dmclbo(0,0,0,0,0);
begin
  PIPE ROW(rec);
  return;
end dm_cl_build_dummy;

/
--------------------------------------------------------
--  Constraints for Table MASTER
--------------------------------------------------------

  ALTER TABLE "TESTUSER1"."MASTER" ADD CONSTRAINT "MASTER_PK" PRIMARY KEY ("ID")
  USING INDEX PCTFREE 10 INITRANS 2 MAXTRANS 255 COMPUTE STATISTICS 
  STORAGE(INITIAL 65536 NEXT 1048576 MINEXTENTS 1 MAXEXTENTS 2147483645
  PCTINCREASE 0 FREELISTS 1 FREELIST GROUPS 1 BUFFER_POOL DEFAULT)
  TABLESPACE "USERS"  ENABLE;
 
  ALTER TABLE "TESTUSER1"."MASTER" MODIFY ("ID" NOT NULL ENABLE);
 
  ALTER TABLE "TESTUSER1"."MASTER" MODIFY ("SUPPLIER_ID" NOT NULL ENABLE);
 
  ALTER TABLE "TESTUSER1"."MASTER" MODIFY ("PRODUCT_ID" NOT NULL ENABLE);
 
  ALTER TABLE "TESTUSER1"."MASTER" MODIFY ("STATUS" NOT NULL ENABLE);
--------------------------------------------------------
--  Constraints for Table PRODUCT
--------------------------------------------------------

  ALTER TABLE "TESTUSER1"."PRODUCT" ADD CONSTRAINT "PRODUCT_PK" PRIMARY KEY ("PRODUCT_ID")
  USING INDEX PCTFREE 10 INITRANS 2 MAXTRANS 255 COMPUTE STATISTICS 
  STORAGE(INITIAL 65536 NEXT 1048576 MINEXTENTS 1 MAXEXTENTS 2147483645
  PCTINCREASE 0 FREELISTS 1 FREELIST GROUPS 1 BUFFER_POOL DEFAULT)
  TABLESPACE "USERS"  ENABLE;
 
  ALTER TABLE "TESTUSER1"."PRODUCT" MODIFY ("PRODUCT_ID" NOT NULL ENABLE);
 
  ALTER TABLE "TESTUSER1"."PRODUCT" MODIFY ("PRODUCT_TITLE" NOT NULL ENABLE);
--------------------------------------------------------
--  Constraints for Table SUPPLIER
--------------------------------------------------------

  ALTER TABLE "TESTUSER1"."SUPPLIER" MODIFY ("SUPPLIER_ID" NOT NULL ENABLE);
 
  ALTER TABLE "TESTUSER1"."SUPPLIER" MODIFY ("SUPPLIER_NAME" NOT NULL ENABLE);
 
  ALTER TABLE "TESTUSER1"."SUPPLIER" ADD CONSTRAINT "TABLE1_PK" PRIMARY KEY ("SUPPLIER_ID")
  USING INDEX PCTFREE 10 INITRANS 2 MAXTRANS 255 COMPUTE STATISTICS 
  STORAGE(INITIAL 65536 NEXT 1048576 MINEXTENTS 1 MAXEXTENTS 2147483645
  PCTINCREASE 0 FREELISTS 1 FREELIST GROUPS 1 BUFFER_POOL DEFAULT)
  TABLESPACE "USERS"  ENABLE;
--------------------------------------------------------
--  Constraints for Table SUPPLIER_ADDRESS
--------------------------------------------------------

  ALTER TABLE "TESTUSER1"."SUPPLIER_ADDRESS" ADD CONSTRAINT "SUPPLIER_ADDRESS_PK" PRIMARY KEY ("ID")
  USING INDEX PCTFREE 10 INITRANS 2 MAXTRANS 255 
  STORAGE(INITIAL 65536 NEXT 1048576 MINEXTENTS 1 MAXEXTENTS 2147483645
  PCTINCREASE 0 FREELISTS 1 FREELIST GROUPS 1 BUFFER_POOL DEFAULT)
  TABLESPACE "USERS"  ENABLE;
 
  ALTER TABLE "TESTUSER1"."SUPPLIER_ADDRESS" MODIFY ("ID" NOT NULL ENABLE);
